:020000040800F2
:10000000C0120020C10100088B520008774100088F
:10001000895200082D200008917600080000000099
:100020000000000000000000000000005571000802
:10003000B922000800000000317100083172000888
:10004000DB010008DB010008DB010008DB01000820
:10005000DB010008DB010008DB010008DB01000810
:10006000DB010008DB010008DB010008DB01000800
:10007000DB010008DB010008DB010008DB010008F0
:10008000DB010008DB010008DB010008DB010008E0
:10009000DB010008DB010008DB010008DB010008D0
:1000A000DB010008DB010008DB010008DB010008C0
:1000B000DB010008DB01000809730008DB01000810
:1000C000DB010008DB010008DB010008DB010008A0
:1000D000DB01000879760008DB010008857600085E
:1000E000DB010008DB010008DB01000800F002F87A
:1000F00000F057F80AA090E8000C82448344AAF16B
:100100000107DA4501D100F04CF8AFF2090EBAE868
:100110000F0013F0010F18BFFB1A43F0010318473B
:10012000F4C2000014C30000103A24BF78C878C19C
:10013000FAD8520724BF30C830C144BF04680C60ED
:10014000704700000023002400250026103A28BF35
:1001500078C1FBD8520728BF30C148BF0B60704739
:10016000662909F00C86642900F00681732900F0E5
:100170006A86002070471FB59DE8030000F084FBED
:1001800000F06AFE04000020002108F02DFD401C54
:1001900060600020002108F03DFDE0601FBD10B54B
:1001A00010BD00F077FF1146FFF7E5FF07F056FCA2
:1001B00000F095FF03B4FFF7F2FF03BC01F002F873
:1001C0000948804709480047FEE7FEE7FEE7FEE7EB
:1001D000FEE7FEE7FEE7FEE7FEE7FEE70448054927
:1001E000054A064B70470000AF720008ED0000089A
:1001F000C0080020C0120020C00C0020C00C00204D
:1002000070B5064600F024FB056806F10B0020F0EF
:100210000704B4429CBF002070BD2B466A68BAB187
:100220001068A04210D304F1080188423CBF506816
:10023000586007D35168101941601168091B0160AB
:1002400058601460101D70BD13465268002AE7D133
:100250002146284600F004FB0028DED170BD70B5B1
:100260000446051F00F0F4FA0068002C14BF44682F
:1002700070BD002C18BFAC423CBF20466468F8D368
:1002800001680A18AA4218BF456003D12A680546CA
:100290001144016028684119A1421CBF6C6070BD07
:1002A0006168696021680844286070BD10B5044623
:1002B00000F0C6FA0068005DC00602D504F1200017
:1002C00010BD204610BD00000FB41CB5074B06AA98
:1002D0007B4469460090059800F083FD0020694644
:1002E00000F092FD1CBC5DF814FB0000350B000013
:1002F0000FB41CB50C0007AA009001D02044401E8A
:10030000074B7B4469460190069800F06AFD002C7B
:1003100003D06946002000F077FD1CBC5DF814FB9B
:100320000D0B000070B50C460546012A05D0287853
:10033000800600D5EA69002302E0012305E05B1C8A
:10034000934202D2E05C0028F9D1A869E618C01AED
:10035000A861286A184428622846AFF3008004E0A8
:10036000D5E9012114F8010B9047B442F8D328468F
:10037000AFF3008070BD00002DE9F0410646002477
:1003800010687529314616A510D0AFF300800028FB
:1003900002DA404213A507E031688A0701D512A5A9
:1003A00002E0490704D511A5012401E0AFF3008064
:1003B00000210A2206F1240709E0B0FBF2FCB0FBA1
:1003C000F2F302FB1C00303078541846491C002818
:1003D000F3D123462A463046BDE8F04100F095BAF5
:1003E000000000002D0000002B0000002000000095
:1003F0002DE9F05F894604464FF0000ADFF824B18A
:10040000FB44C0F820A02046E168884700287DD042
:10041000252806D0D4E901219047206A401C20629B
:10042000F1E700255F462046E16888472028064618
:1004300007DB312E05D2B81910F8200C08B105439E
:10044000F1E7A80701D525F00405C4F81CA0002792
:10045000C4F818A02A2E09D0304607F0B3F938B3F3
:1004600004EB8708303EC8F8186019E059F8041BFF
:10047000204604EB87029161E1688847012F064618
:1004800018D1E069002820DA25F020051DE0D8F811
:10049000180000EB800006EB40003038C8F8180068
:1004A0002046E1688847064607F08CF90028EED11F
:1004B000012F0AD02E2E08D12046E16888477F1CE4
:1004C0000646022F45F02005C4DBA069002803DAA8
:1004D000404245F00105A061E80701D025F0100574
:1004E000A6B1A6F14100192802D8203645F40065CE
:1004F0004A463146204625604D46FFF731FE60B141
:10050000012807D0ED1D25F0070000E007E000F10D
:10051000080978E705F1040975E730467AE7206AAB
:10052000BDE8F09F8DBE0000401ECAB210F8011F4A
:100530008A4202D00029F9D10020704710B5431E2D
:1005400013F8014F002CFBD105E011F8014B002CF2
:1005500003F8014B03D0521EF7D20021197010BDD1
:1005600030B505460B462A4613F8014B12F8010B2D
:1005700008B1A042F8D01CB1002802D06D1CF1E7F0
:10058000284630BD40EA0103024630B59B0710D132
:100590004FF0013400E008C208C91D1B9D4315EA55
:1005A000C41FF8D013F0FF0102F8011B0DD01B0A85
:1005B000F8E711F8013B002B02F8013B05D011F8D8
:1005C000013B002B02F8013BF3D130BD10B5431CB9
:1005D00002E010F8011B71B18107FAD14FF001322E
:1005E00002C88C1A8C4314EAC211F9D0C01A0A0648
:1005F00003D0C01E10BDC01A10BD0A0401D0801E59
:1006000010BD0902FCD0401E10BD40EA010370B5C8
:100610009B072ED14FF00136042A2AD308C810C9EF
:100620009D1B9D43121F15EAC61517D0D8B2E1B223
:10063000401A50EA056110D198B2A1B2401A50EAAE
:1006400005410AD123F07F4024F07F41401A50EA4F
:10065000052102D1180EA0EB146070BDA342DBD0BF
:1006600018BA21BA884201D9012070BD4FF0FF307D
:1006700070BD0AB9002070BD10F8013B11F8014BA4
:1006800063B1A3420AD1521E08D010F8013B11F801
:10069000014B1BB1A34201D1521EEDD1181B70BDFD
:1006A000421E12F8013F002BFBD111F8013B002B39
:1006B00002F8013BF9D17047032A40F2308010F074
:1006C000030C00F0158011F8013BBCF1020F6244ED
:1006D00098BF11F801CB00F8013B38BF11F8013B7E
:1006E000A2F1040298BF00F801CB38BF00F8013B2B
:1006F00011F0030300F02580083AC0F0088051F89B
:10070000043B083A51F804CBA0E80810F5E7121DA5
:100710005CBF51F8043B40F8043BAFF30080D207C4
:1007200024BF11F8013B11F801CB48BF11F8012B90
:1007300024BF00F8013B00F801CB48BF00F8012BB3
:10074000704710B5203AC0F00B80B1E81850203A3D
:10075000A0E81850B1E81850A0E81850BFF4F5AF61
:100760005FEA027C24BFB1E81850A0E8185044BFEB
:1007700018C918C0BDE810405FEA827C24BF51F858
:10078000043B40F8043B08BF7047D20728BF31F84C
:10079000023B48BF11F8012B28BF20F8023B48BF9D
:1007A00000F8012B70474FF000020429C0F01280BE
:1007B00010F0030C00F01B80CCF1040CBCF1020F14
:1007C00018BF00F8012BA8BF20F8022BA1EB0C01E9
:1007D00000F00DB85FEAC17C24BF00F8012B00F8DF
:1007E000012B48BF00F8012B70474FF0000200B505
:1007F000134694469646203922BFA0E80C50A0E844
:100800000C50B1F12001BFF4F7AF090728BFA0E8F1
:100810000C5048BF0CC05DF804EB890028BF40F8BD
:10082000042B08BF704748BF20F8022B11F0804FFF
:1008300018BF00F8012B70477047704770470000E1
:1008400010B500F009FB001D10BD00BF9D83000026
:100850000048704764080020704770477047704731
:1008600038B504460A4600206946AFF300800028E8
:1008700008BF38BD02460099204600F0F5FA012075
:1008800038BD012000F0FEBBF8B5AFF3008005468F
:1008900000200C46102000BF0646A819A0420DD922
:1008A000324669460020AFF30080070008BF00F021
:1008B000E9FB0098A04218BF0546C419FFF7C8FF1E
:1008C00005600746F01D20F007004619284600F095
:1008D0000AF8B44208BFF8BDA21B31463868BDE82B
:1008E000F84000F0C1BA00210160C0E90110704772
:1008F0001020704710B500F0B3FA006810BD10B5B5
:10090000044600F0ADFA046010BD2DE9F0470D4635
:1009100099469246044600F124080168880604D5E9
:10092000E06921F01001216000E00120A84201DD12
:10093000471B00E00027A1697A1902EB0900081A99
:10094000A0612078C00602D42046AFF300800026C4
:1009500008E0D4E901211AF806009047206A401CFB
:10096000761C20624E45F4DB2078C0060AD520466E
:10097000AFF3008006E0D4E9012130209047206ADF
:10098000401C2062381EA7F10107F4DC07E0D4E91F
:10099000012118F805009047206A401C2062281E9B
:1009A000A5F10105F3DC2046AFF3008020780006B6
:1009B00002D50220BDE8F0870120FBE770472DE952
:1009C000FF4F0C461E464FF0FF378BB0D2E90001B7
:1009D000DDF860800A908A46C1F30A5505B93D46A4
:1009E000002108464FF00000BAF1000F00F440006B
:1009F00005DA00EB80004FF4400101EA50004FEAB5
:100A00009059B9F1010F00DDB9460A9850EA4A0041
:100A10000ED044F61050A5F2FF3545432F14B8F11F
:100A2000000F1ED07542291E1EDDC9F100021CE018
:100A3000B8F1010F4FF0000001D0302103E0F24384
:100A400005E02154401CB042FBDB3046002200216F
:100A500021540B99C1F80880C1E900200FB0BDE80E
:100A6000F08FBD1B6D1CDEE74A4600DA694206A81E
:100A700000F09AFA06AB93E8070003AB83E807009F
:100A800050460A9900F0C4FB8DE80700A0F500501D
:100A90001F3800900398002D09DD42F21F014A46DD
:100AA000084403A90390684600F023FE08E0A0F57F
:100AB00000504A461F3803A90390684600F02DFEF7
:100AC0008DE807000004000C03D04FF0FF30410810
:100AD00000E01046B8F1000F03D000220092154646
:100AE0001EE0751E05D400F0D9F9303262556D1E36
:100AF000F9D5B3460122084302D000227F1C04E04E
:100B00002078302801D100227F1E002A099786D044
:100B10001DE0112D07DA00F0C1F9303262556D1C6D
:100B200050EA0102F5D1084302D00098C8B10EE0A6
:100B30000021681E05E0235C625C63542254401E61
:100B4000491C8142F7DBAB46A81B401E09900020E0
:100B500004F80B000B98099AC0F80880C0E9002B34
:100B60007CE711264FF0000859E72DE9F04F884641
:100B70000446D21D22F0070191B0D1E90001CDE970
:100B80000A0106F086FD02460B98C00F01D02D2009
:100B900007E02068810701D52B2002E0202101EA2F
:100BA000C000032A099001D0072A05DB034641460D
:100BB000204600F0B9F90BE12078800601D5E06904
:100BC00000E00620B8F1650F814606D0B8F1660F47
:100BD00018D0B8F1670F70D131E00020B9F1110FD2
:100BE000009001DB112301E009F101030AAA01A928
:100BF0000CA8FFF7E4FEDDE90C70002609F1010501
:100C0000834647E001204B4600904FF000470AAA78
:100C100001A90CA8FFF7D3FEDDE90DB00C995D46E4
:100C2000002610B909F101000D18B9EB050003D435
:100C3000C0F1FF3609F10105A5EB09002BE0B9F180
:100C4000010F01DA4FF001090020B9F1110F0090F6
:100C5000484601DD112300E003460AAA01A90CA8B9
:100C6000FFF7ADFEDDE90C704D4600268346207887
:100C700000070AD4AB4500DA5D4601A8012D04DD6A
:100C8000411911F8011C302907D04F4502DA17F13C
:100C9000040F04DA012082460FE06D1EEEE7002FFC
:100CA00002DCED1B3E4403E0781CA84200DD7D1C05
:100CB000B81B00F1010A4FF000472078000703D469
:100CC000AA4501DB4FF0FF3A0021B7F1004F0DF1CB
:100CD00043088DF8431024D002202B23002F01DA83
:100CE0007F422D230A21021EA0F1010000DC5FB12A
:100CF00097FBF1FC97FBF1F201FB1C7C17460CF112
:100D0000300C08F801CDEEE7A8F10100037021884E
:100D1000090501D5452100E06521A0F1010800F891
:100D2000011C09980FA9A1EB0807FF1D00B10120C4
:100D3000411901EBEA70A1693844081A401EA0610C
:100D40002078C00602D42046AFF30080099828B16D
:100D5000D4E901219047206A401C20622078C00617
:100D600022D52046AFF300801EE0002E04DBB34501
:100D700002DD01A8805D00E03020D4E90121904728
:100D8000206A401C2062761CAAF101005FEA000A7A
:100D90000AD100F061F8C0680168405CD4E9012123
:100DA0009047206A401C2062281EA5F10105DCDC6A
:100DB00007E0D4E9012118F8010B9047206A401C94
:100DC0002062381EA7F10107F3DC2046AFF3008054
:100DD000032011B043E6000001694A1C0261087853
:100DE000704700B58FB0CDE901310021059105496B
:100DF0007944CDE9031011466846FFF7F9FA0FB0C0
:100E000000BD0000E5FFFFFF0A6802F8010B0A6061
:100E10007047D1E900239A4202D2531C0B60107034
:100E2000704710B5436913B1AFF3008001E0FFF7DD
:100E300079FA012010BD127800F124010A70002215
:100E40004A700122EDE711684FF0FF32E9E7000038
:100E5000004870475C080020004870477C0800206C
:100E6000004870475C080020034640688C46002814
:100E700018BF88423CBF03464068F8D3186818443E
:100E8000884207D00CF1030020F00700001D411A32
:100E9000521A0146081D0A60FFF7E1B930B5B0F1FA
:100EA0000A024FEA900E71F100034EEA817EB0EB28
:100EB0000E0061EB91014FEA101E4EEA017E10EB2D
:100EC0000E0041EB11114FEA102E4EEA016E10EBAD
:100ED0000E0041EB11214FEA104E4EEA014E10EB8D
:100EE0000E0041EB1141401841F100014FEAD000E2
:100EF00040EA41704FEAD10110EB80054FEA8104CE
:100F000044EA907444EB01046D1944EB0404521B51
:100F1000A3414FF0000348BF0A3200D530BD401C4A
:100F200041F1000130BD00002DE9F0411F460446AB
:100F300003260168072A01F4006004DB08B116A546
:100F400005E016A503E008B115A500E015A521F000
:100F500010002060A069C01EA0610FB1401EA061FA
:100F60002046AFF300804FB1D4E9012138469047C5
:100F7000206A401C2062C01C206206E0206AFAE75A
:100F8000D4E9012115F8010B9047761EF8D22046CE
:100F9000AFF30080BDE8F0814E414E006E616E00FF
:100FA000494E4600696E66002DE9F04781461646B7
:100FB0008AB0334878440DC88DE80D003048784435
:100FC000801C03AC0DC884E80D0041F69B3008443A
:100FD000372190FBF1F290FBF1F5A5F1800501FBC3
:100FE00012041B3C02D56442012000E00020DFF81F
:100FF00090A080460027FA44AAF1BE0A0DE0E0075F
:1010000009D03246684607EB47010AEB810100F040
:1010100084FB8DE8070064107F1C002CEFD1184F73
:101020007F44AC3F18E0E80714D007EB04100DF143
:10103000180A90E80E008AE80E00C068F04201D15C
:1010400098190890324606A903A800F066FB03AB86
:1010500083E807006D10641C002DE4D13246694618
:10106000B8F1000F03A802D000F043FB01E000F04C
:1010700054FBC9E90001C9F808200AB0BDE8F087AF
:10108000FCB3000010B500F035F8BDE8104000F0EA
:101090002CB870477546FFF7DBFEAE460500694683
:1010A000534620F00700854618B020B5FFF796F8A4
:1010B000BDE820404FF000064FF000074FF0000859
:1010C0004FF0000B21F00701AC46ACE8C009ACE8DA
:1010D000C009ACE8C009ACE8C0098D4670470446B9
:1010E000AFF300802046FFF765F8002801D000F03C
:1010F00069B8704710B5012805D0002103A000F0A1
:1011000067F8012010BD09A1F8E7000053494752D4
:10111000544D454D3A204F7574206F6620686561C7
:1011200070206D656D6F7279000000003A2048658F
:101130006170206D656D6F727920636F727275706A
:10114000746564004FF0013C50F8042B51F8043BE7
:101150009A4221D1A2EB0C03934313EACC1317D18B
:1011600050F8042B51F8043B9A4215D1A2EB0C0322
:10117000934313EACC130BD150F8042B51F8043BE2
:101180009A4209D1A2EB0C03934313EACC13DBD0B0
:101190004FF00000704700BFD01A01BAB1FA81F1D8
:1011A00001F0180122FA01F0CB40C1F12001DBB2BD
:1011B000C0B2C01A2CFA01F3D11A914311EAC3113B
:1011C000E6D1704701491820ABBEFEE726000200B9
:1011D00070B505460C460A2000E06D1C00F011F8C1
:1011E00035B128780028F8D102E0641C00F009F835
:1011F00014B120780028F8D1BDE870400A20AFF380
:10120000008008B569468DF800000320ABBE08BD1C
:101210005FEA400C08BF91F0000F4FEA8C234FEAC1
:10122000C12243EA51514FEA1C5018BF00F5F0406B
:101230004FEA300018BF41F000415FEA6C5C00F0FB
:101240002980BCF1FF3F08BF40F080407047130C7D
:1012500006BF12044FF0100C4FF0000C130E04BF29
:1012600012020CF1080C130F04BF12010CF1040C54
:10127000930F04BF92000CF1020CD30F04BF520075
:101280000CF1010C11464FF00002A0F11F00A0EB81
:101290000C00704711F0004F08BF704731F000415B
:1012A0003FF4D5AF0B0C06BF09044FF0100C4FF004
:1012B000000C0B0E04BF09020CF1080C0B0F04BF4D
:1012C00009010CF1040C8B0F04BF89000CF1020C16
:1012D000CB0F04BF49000CF1010CCCF12003A0EBB3
:1012E0000C0022FA03F302FA0CF241EA030100F1C6
:1012F0000100704720F07F4C80EA030023F07F4715
:10130000ACEB070303F57C5300F0004003F1FF034F
:101310002DE980494FEA154B09B44FEA144325EAF9
:101320000B4E24EA03480FF2042606EB1327490864
:101330003E785FEA320203FB0667C7F5000707FB4A
:1013400006F64FEA54374FEAD64606F1020607FB87
:10135000066CCCF1005C4FEA1C472CEA074C07FBFB
:1013600006F40CFB06F504EB15464FEA961634BF5F
:1013700000204FF000404FEAD13706FB07FC4FEA50
:101380001C4C0CFB0BF7D21B03FB0CF761EB0701AA
:101390000CFB0EF7B0EB074072EB17420CFB08F7A3
:1013A00034BFA2EB0742B2EB074261EB17414FEAB1
:1013B0000C444FEA910706FB07FC4FEA1C4C0CFB60
:1013C0000BF7B0EBC74072EB573203FB0CF734BF9F
:1013D000A2EBC742B2EBC74261EB57310CFB0EF7F1
:1013E000B0EBC70072EB57720CFB08F734BFA2EBEF
:1013F000C702B2EBC70261EB5771039F4FEA8161ED
:1014000041EA921104EBCC044FEAD1374FEA8262F1
:1014100006FB07FC42EA90124FEA80604FEA1C4C40
:101420000CFB0BF7D21B03FB0CF761EB07010CFB6A
:101430000EF7B0EB074072EB17420CFB08F734BF16
:10144000A2EB0742B2EB074261EB17414FEA8C5522
:101450004FEA910704EB9C2406FB07FC4FEA1C4C67
:101460000CFB0BF7B0EBC74072EB573203FB0CF7EA
:1014700034BFA2EBC742B2EBC74261EB57310CFB62
:101480000EF7B0EBC70072EB57720CFB08F734BFD6
:10149000A2EBC702B2EBC70261EB577115EB4C250B
:1014A0004FEA816141EA92114FEA82624FEAD137F5
:1014B00042EA901206FB07FC44F100044FEA806008
:1014C0004FEA1C4C0CFB0BF7D21B03FB0CF761EB38
:1014D00007010CFB0EF7B0EB074072EB17420CFB59
:1014E00008F734BFA2EB0742B2EB074261EB1741AA
:1014F00015EB1C154FEA813141EA92414FEA8232E5
:1015000042EA90424FEA80304FEA0C7644F1000400
:1015100048EA03434EEA0B484FF0000EB2EB080CCA
:1015200071EB030724BF624639464EEB0E0E4FF0B7
:10153000000B0018524149414BEB0B0BB2EB080C6E
:1015400071EB03077BF1000B24BF624639464EEB7B
:101550000E0E4FF0000B0018524149414BEB0B0BA4
:10156000B2EB080C71EB03077BF1000B24BF624662
:1015700039464EEB0E0E51EA020718BF46F001063F
:1015800016EB0E7655F1000254F1000103D5BDE8CB
:101590008901BDE80088BDE88901BDE80048B619A9
:1015A000524141EB0101A3F10103704780807F7E2E
:1015B0007D7C7B7A797877767675747372717170C9
:1015C0006F6E6E6D6C6C6B6A6A696868676666657B
:1015D0006464636362616160605F5F5E5E5D5D5C09
:1015E0005C5B5B5A5A59595858575756565555557A
:1015F0005454535352525251515050504F4F4F4EDA
:101600004E4D4D4D4C4C4C4B4B4B4A4A4A49494927
:101610004848484747474746464645454544444469
:10162000444343434342424242414141002B26D47A
:10163000770021D01CB54FEA370703B44FF01000F4
:101640004FF010014FF000000FBCBDE810400BF14F
:10165000010BBBF1010F08BF5FEA170722BF12F1B0
:10166000010211F101014FF0004143F1000300F0CC
:10167000004043EA00007047F9D35708DAE746EA2A
:10168000064613F1400F4FEA16461FDD13F1200FF7
:10169000DFBF16430A46002120335B42C8D0C3F1A6
:1016A000200746EA064602FA07F74FEA164646EAD8
:1016B0000706C3F1200722FA03F201FA07F721FA1D
:1016C00003F14FF0000342EA0702B1E746EA0206DF
:1016D00046EA06464FEA164646EA0106BCBF46EA17
:1016E0000646360C4FF000034FF000024FF00001A9
:1016F0009EE72DE9C048934630B491E8380007C80A
:1017000031EA400C48BF34EA430C03D5FFF7F2FD41
:10171000FFF78CFFF0BCBDE800882DE9C048934678
:1017200030B491E8380007C810F0804F08BF13F0BC
:10173000804F03D100F005F8FFF778FFF0BCBDE85B
:10174000008820F07F4780EA030023F07F4C07EBFE
:101750000C03A3F57C5300F00040A3F1FE0392F0CC
:10176000000F00F0B38095F0000F00F077802DE9B6
:1017700001494FEA11404FEA144621EA004800FBB4
:1017800006FC24EA064708FB06F607FB08F800FB00
:1017900007F718EB06484CEB164C4FEA124B18EBC8
:1017A00007484FEA15464CEB174022EA0B4E0BFB5D
:1017B00006FC25EA06470EFB06F607FB0EFE0BFBB2
:1017C00007F71EEB064E4CEB164C4FF000061EEBD7
:1017D000074E4CEB174B18EB0B0840F1000018EBD1
:1017E0000E0B58EB000840F100008F1A4FF000017B
:1017F0003CBFC943661B14BFB5EB040C00213CBFC2
:10180000C943F61B4FEA17444EEA8E0E27EA0445F9
:101810004FEA1C4704FB07622CEA074C05FB07F75D
:101820000CFB05F604FB0CFC16EB074642EB1742DB
:1018300016EB0C4642EB1C421BEB060658EB020271
:10184000414146EA9E0601D5BDE80189B6195241DB
:1018500041EB0101A3F10103BDE801894FEA144501
:101860004FEA114724EA054621EA074C05FB07F435
:1018700006FB07F70CFB06F105FB0CFC11EB07411F
:1018800044EB17444FEA124711EB0C4144EB1C4464
:1018900022EA074C05FB07F206FB07F70CFB06F6EE
:1018A00005FB0CFC16EB074642EB174216EB0C4609
:1018B00042EB1C456A1854F1000148BF7047B61945
:1018C000524141EB0101A3F10103704795F0000F74
:1018D00037D04FEA11424FEA144721EA024624EA80
:1018E000074C02FB07F106FB07F70CFB06F402FBB3
:1018F0000CFC14EB074441EB17414FEA154714EB7E
:101900000C4441EB1C4125EA074C02FB07F506FBA2
:1019100007F70CFB06F602FB0CFC16EB074645EB43
:10192000174516EB0C4645EB1C42121951F100010C
:1019300048BF7047B619524141EB0101A3F10103C1
:1019400070474FEA14454FEA114724EA054621EA59
:10195000074C05FB07F106FB07F70CFB06F24FF0FF
:10196000000605FB0CFC12EB074241EB174112EBA2
:101970000C4251EB1C4148BF7047921841EB0101EA
:10198000A3F10103704770B5044600688168C9433C
:10199000C90716D1816821F00101816001F0F4F9D5
:1019A000054609E001F0F0F9401B022804D920683F
:1019B0008068C043C00706D020688068C043C00765
:1019C000F0D0002070BDA06A40F01000A062E06A74
:1019D00040F00100E062012070BD0000F8B5002673
:1019E0000446009600688168C943C9072CD0816805
:1019F00041F001018160154815490068B0FBF1F024
:101A000000E0401E00900028FBD101F0BDF9054622
:101A100015E001F0B9F9401B022810D92068806850
:101A2000C043C0070BD0A06A40F01000A062E06A7B
:101A300040F00100E06284F824600120F8BD2068D5
:101A40008068C043C007E4D10020F8BD5C000020DE
:101A500040420F003EB500900120CDE901016946EA
:101A60000F4800F0CBFD08B100F04AFD0C4800F033
:101A70009FFF08B100F044FD0A21094800F0FAFE7A
:101A800020B1074800F0F4FF00F03AFD044800F0F0
:101A900033FE84B2024800F0EBFF20463EBD00005A
:101AA00080000020F8B54A4801F068FF03F0DFFC31
:101AB00000F012FC474800F035FD00F0E9FA00F0B4
:101AC00079FA00F033FC444D01246C7103F0DEFB25
:101AD0000021102341A20846009403F078FE03F091
:101AE00041FD4FF4FA76304601F04CF803F0CEFB9E
:101AF000002110233DA20846009403F068FE03F085
:101B000031FD02E0304601F03DF83CA13CA000F080
:101B10009FFC0028F6D1102345A21946009403F03B
:101B200056FE03F01FFD304601F02CF8102344A2AE
:101B300020210020009403F04AFE03F013FD06E08C
:101B400043A12FA000F084FC304601F01BF804F004
:101B500029FE0028F4D103F099FB002110233EA2B6
:101B60000846009403F033FE03F0FCFC04F0DAFDB9
:101B700010233BA219460020009403F028FE03F036
:101B8000F1FC4FF4FA66304600F0FCFF00F0F2FA88
:101B900011491B31481E00F04CFB304600F0F2FFAB
:101BA0000D491B31481E00F044FB102330A22021B8
:101BB0000020009403F00BFE03F0D4FC701000F042
:101BC000E1FF2C700020E870BDE8F84003F05EBB38
:101BD0000401002080000020000000204553503800
:101BE00032363620496E6974204F4B00436F6E6E5B
:101BF000656374204D515454730000004F4B000036
:101C000041542B43495053544152543D2254435064
:101C1000222C226D717474732E6865636C6F756409
:101C2000732E636F6D222C313838330D0A0000009B
:101C3000436F6E6E656374205375636365737300E1
:101C4000446576696365206C6F67696E000000000B
:101C5000434F4E4E454354004C696E6B204F4B0032
:101C6000537562736372696265204F4B0000000018
:101C700053797374656D20496E6974204F4B000071
:101C80002DE9F041314CE07B01285DD03049A06C5A
:101C900007F034FF4FF07C5107F0D2FD07F0FAFE59
:101CA00083B2A07EB4F92210884201DD012000E059
:101CB00000206072218EA28C914201D9012600E0A1
:101CC0000026E672E17EE279914201D2012200E033
:101CD0000022A272E18D257AA94201D2012100E001
:101CE00000216173258DAB4202D3658DAB4201D9D2
:101CF000012300E00023A373A58DE78CBD4201D929
:101D0000012700E000272773257C25B100253043FB
:101D100006D0012605E051EA0305F8D00125F6E7D3
:101D2000002612B14FF0010C01E04FF0000C1943F6
:101D300000D0012110433843284300D001202675EC
:101D400084F815C0A175E074BDE8F08100000020A2
:101D50000000C8422DE9F0478A4600210F460C4694
:101D60006FF02B0CDFF81491089E36E0002501E09F
:101D7000491C6D1CB14204D213F80180B8F1200F48
:101D8000F6D0B1422BD0A6EB0108B8F1020F04D374
:101D900013F80180B8F10D0F02D013F8018003E0B1
:101DA00003EB010898F80180B8F10A0F14D05DB96F
:101DB0005D5C3D2D0BD07F2D06D819F805507F2D89
:101DC00002D0402D07D234B16046BDE8F087641CD4
:101DD000022CF9D8F1E77F1C491CB142C6D3A7B148
:101DE000FD0805EB45056E0007F0070505EB450509
:101DF000072707EB450506EBD5052C1B08B1A245C7
:101E000005D26FF029001460DFE7002033E00326DD
:101E10000025AC4604462BE01F780D2F26D00A2F54
:101E200024D0202F22D019F80770402F0CD04FF06B
:101E3000000865F39F170CF1010CA6EB08063D4660
:101E4000BCF1040F03D011E04FF00108F1E74FF0AF
:101E5000000C5EB12F0C04F8017B012E06D92F0A6D
:101E600004F8017B022E01D904F8015B491E5B1CBA
:101E70000029D1D1201A10600020A6E711C2000865
:101E80002DE9F04F0024099D8146A34695B1032713
:101E9000B5FBF7F0B5FBF7F607FB105000B10120DA
:101EA00006446FF02900B6F1804F06D3811111600E
:101EB000BDE8F08FC2F800B066E0B600761CB14213
:101EC0000AD35FEA090107D0B5FBF7F000EB400A3F
:101ED0000846DFF8BCC026E01660E9E713F8016B9E
:101EE00013F8017B4FEA9608360106EB271613F824
:101EF000011B1CF8088006F03F0600F8018B1CF857
:101F0000066000F8016BBE0006EBA11606F03F0666
:101F100001F03F011CF8066000F8026B1CF801108C
:101F200000F8011CE41C5445D8D3AC4227D213F866
:101F3000016B3D21641CAC4201D21B7801E04FF0E3
:101F400000034FEA96041CF8044000F8014B4FEAE6
:101F5000061404EB231404F03F041CF8044000F8BA
:101F6000014B08D24FF03C0404EA83031CF8033011
:101F700000F8013B01E000F8011B00F8011BA0EB99
:101F80000901116080F800B04FF0000090E70000F8
:101F9000D1C1000810B5044602464FF40041034881
:101FA00000F0EDFE0248047010BD0000000C01407E
:101FB0006E0000207CB503F069F901250021102393
:101FC00017A20846009503F002FC12236E221B2183
:101FD0000A20009503F021FA03F0C4FA0024102629
:101FE00012236E221B210A20009403F0C7F9CDE9C9
:101FF0000065302103232246084603F0B1FB10237D
:10200000252230214820009503F0DEFA03F0AAFAD9
:10201000052000F0B7FDA41CE4B2642CE0D97CBD1F
:1020200053544152542E2E2E00000000FEE70000B3
:1020300005490A78002A06D000220A70C91CB1F8A6
:10204000011049BA01807047610000200F4B10B5A4
:102050009A780AB92C2818D10C49C91C8854521CEA
:10206000D0B29870062810D308784A78CC781044FB
:102070008A78224410440A7949791044C0B28142D6
:1020800001D1012018700020987010BD610000205F
:1020900004480021017081700122411C024801F0B6
:1020A000F7BF0000610000209401002070B50024FB
:1020B000204600F073F8134D04E0641CE4B20120E4
:1020C00000F03CF88021284600F054FE012803D09F
:1020D000642C10D2002407E0642CEED30BE0641CC7
:1020E000E4B2012000F02AF88021284600F042FEE8
:1020F00018B1642C04D3012070BD642CEFD3FAE72F
:10210000002070BD000C01400949087800280DD15D
:102110000848026842F0807202600748002242606C
:10212000026842F00102026001200870704700005E
:1021300060000020FCED00E0001000E010B5044657
:102140000848007808B9FFF7DFFF07494B680748E0
:10215000074A0068B0FBF2F262434868C01A904236
:10216000FBD310BD60000020001000E05C000020E8
:1021700040420F0010B5FFF7C7FF012000F00EF836
:1021800001228021044800F0FAFD00F07BF8BDE850
:102190001040FFF78BBF0000000C01401FB58021ED
:1021A000009103210391012100B11120CDE901012A
:1021B0006946024800F0F8FC1FBD0000000C014019
:1021C00070B50024134D04E0641CE4B20120FFF755
:1021D000B5FF8021284600F0CDFD012801D1642CF7
:1021E000F2D3002404E0641CE4B20120FFF7A6FF50
:1021F0008021284600F0BEFD08B9642CF3D32820C6
:10220000FFF79CFF8021284600F0B4FD012800D094
:10221000002070BD000C014070B50020044640064F
:10222000050EFFF7CDFF641C2843E4B2082CF6D35B
:1022300070BD2DE9FC410E46074600F023F8FFF77C
:1022400035FF10B10120BDE8FC8100246D46FFF789
:10225000E3FF2855641CE4B2052CF8D39DF8000078
:102260009DF801109DF8033042189DF802100B44B0
:102270001A449DF804309A4201D130703970002020
:10228000E1E7000010B50120FFF788FF094C0022AC
:102290008021204600F073FD142000F073FC012221
:1022A0008021204600F06BFDBDE810400D20FFF7B7
:1022B00045BF0000000C01407047000010B54FF40E
:1022C00000710348FEF76FFA02490020088010BD34
:1022D0005C0600207C0000204FF400720149024897
:1022E00001F0C1BC5C0600204C01002010B5044682
:1022F00000F0FAF858B90AA10B48FEF731F930B1ED
:102300003A21FEF711F9002800D0401C10BD05202D
:1023100000F038FC2046641EA4B2E9D210BD0000D3
:102320004950442C000000005C06002038B5FFF73F
:10233000C5FF02F0ABFF01240021102324A20846B0
:10234000009403F044FA03F00DF94FF4FA7502E03B
:10235000284600F017FC20A120A000F079F8002802
:10236000F6D110231FA21946009403F030FA03F0AF
:10237000F9F802E0284600F005FC17A11CA000F0C7
:1023800067F80028F6D110231DA22021009403F045
:102390001EFA03F0E7F802E0284600F0F3FB0EA176
:1023A0001BA000F055F80028F6D110231CA2302104
:1023B000009403F00CFA03F0D5F802E0284600F090
:1023C000E1FB1AA11BA000F043F80028F6D138BDAC
:1023D000312E41542E2E2E004F4B000041540D0A39
:1023E00000000000322E43574D4F44452E2E2E0044
:1023F00041542B43574D4F44453D310D0A000000D9
:10240000332E41542B4357444843502E2E2E000068
:1024100041542B4357444843503D312C310D0A0061
:10242000342E43574A41502E2E2E0000474F542041
:102430004950000041542B43574A41503D22596CAA
:1024400079222C223131323031313230220D0A00E2
:1024500070B50D460646C824FEF7B8F882B24FF4B0
:10246000FA7331460B4801F035FE0EE000F03CF8FF
:1024700040B929460848FEF773F818B1FFF71EFF68
:10248000002070BD0A2000F07DFB641EE4B2EDD296
:10249000012070BD4C0100205C06002030B589B0E1
:1024A0000C460546FFF70AFF224609A16846FDF7DC
:1024B0000BFF0BA16846FFF7CBFF002806D14FF4B6
:1024C000FA7322462946074801F004FE09B030BDE0
:1024D00041542B43495053454E443D25640D0A0059
:1024E0003E0000004C01002004480178012901D081
:1024F0000120704700210170084670474C00002001
:1025000072B6FEE710B5044602464FF48051034808
:1025100000F035FC0248047010BD0000000C0140C2
:102520006B000020F8B500260446009690F82400C1
:1025300001280BD0012084F824002046FFF723FA5D
:102540002046FFF74BFA070002D050E00220F8BD0A
:10255000A06A20F4885040F00200A062022000F03F
:1025600043FE25490968B1FBF0F0400000E0401E41
:1025700000900028FBD12068816841F0080181604B
:1025800000F002FC054608E000F0FEFB401B0A28B4
:1025900003D920688068000715D420688068000788
:1025A000F2D42068816841F00401816000F0ECFB06
:1025B000054612E000F0E8FB401B0A280DD9206810
:1025C0008068400709D5A06A20F0020040F01000A2
:1025D000A06284F824600120F8BD2068806840076C
:1025E000E8D4A06A20F0020040F00100A06284F864
:1025F00024603846F8BD00005C000020F8B50023D8
:10260000009390F824201C46012A12D0012280F861
:1026100024204A681F26072A0DD205686F6B521EB8
:1026200002EB82029640B7430E68964037436F63D1
:1026300019E00220F8BD05680D2A0AD22F6BD21FBF
:1026400002EB82029640B7430E68964037432F63F1
:1026500009E0EF6A0D3A02EB82029640B7430E683A
:1026600096403743EF620A68072605680A2A0AD3AC
:10267000EF680A3A02EB42029640B7438E689640F2
:102680003743EF6008E02F6902EB42029640B74300
:102690008E68964037432F610A68102A01D0112AAC
:1026A00020D1124D0268AA4217D195682D0219D483
:1026B000956845F4000595600968102912D10C4908
:1026C0000C4A0968B1FBF2F101EB8101490000E01D
:1026D000491E00910029FBD104E0816A41F02001EC
:1026E0008162012380F824401846F8BD002401408F
:1026F0005C00002040420F000068C06C7047000082
:102700002DE9F0414FF00006040035467ED0A06A66
:10271000002728B9E76284F82470204600F07EF88C
:102720002046FFF730F9A16A01F01001014304D0FF
:10273000A06A40F01000A06268E0A16A21F488510C
:1027400041F00201A1626268E169237B0A4346EA23
:1027500043010A43A1684FF48076B14208D00129B1
:1027600006D0002194F814C0BCF1010F02D00AE099
:102770003146F7E7F3B1A36A43F02003A362E36AAB
:1027800043F00103E3622368D3F804C02CF4694CDE
:102790004CEA010CC3F804C021688B68DFF870C0F4
:1027A00003EA0C0313438B60A168B1420BD00129EB
:1027B00009D00CE0DFF85CC0A3690CEB43330B439A
:1027C00043F40061DFE7218A0D05A5F58015216836
:1027D000CB6A23F470032B43CB62216889680E4BCC
:1027E0001940914208D1E762A16A21F0020141F04B
:1027F0000101A162BDE8F081A06A20F0020040F072
:102800001000A062E06A40F00100E0620120F1E700
:10281000FDF7E1FF00E0FFFFFE0E1FFF00B585B0F2
:102820000021009101910291039100680E498842B4
:1028300018D10E48816941F400718161816901F408
:1028400000710491816941F00401816180696946E8
:1028500000F004000490162000900320019004482A
:1028600000F0A2F905B000BD0024014000100240B4
:10287000000801402DE9F8434FF000080D460446DA
:10288000CDF8008000F080FA074620688168C9050D
:1028900008D5A06A40F02000A06284F824800120BE
:1028A000BDE8F8834168C90503D4C06A10F4700F0D
:1028B00029D0022000F098FC3A490968B1FBF0F6F3
:1028C00020680169384A11424FEA62024FEAA213B6
:1028D0001ED1C1684FEA621C11EA0C0F18D10169C0
:1028E000114224D1C068184221D1142022E0681C72
:1028F00009D025B100F048FAC01BA84203D92068CE
:102900000068800724D5206800688007EFD52CE098
:102910000169114202D1C168194206D002692349F6
:102920000A4206D1C068084203D1542002E029209F
:1029300000E0FC204643009815E0681C10D025B14B
:1029400000F022FAC01BA8420AD90098B04207D270
:10295000A06A40F00400A06284F8248003209FE76E
:102960000098401C0090B042E7D321686FF012003D
:102970000860A06A40F40070A06220688068C0F31C
:10298000424007280CD1207B50B9A06A20F4807007
:10299000A062A06AC00403D4A06A40F00100A06253
:1029A00000207DE75C000020244992244992240005
:1029B00070B5044690F8240001280DD0012084F859
:1029C00024002046FFF70AF801004FF0000205D06E
:1029D00084F82420084670BD022070BDA06A40F231
:1029E0000123984340F48070A0621F4D20681F4B64
:1029F000A84218D11E6816F4702F14D0A66A46F4A7
:102A00008016A6621E68760505D5A66A26F40056CD
:102A100046F48056A662A66AF6040AD5E66A26F04F
:102A20000606E66206E0A66A26F48016A6624668F6
:102A3000E9E7E26284F824206FF002020260206875
:102A40008268C2F34242072A05D1A84208D11A6817
:102A500012F4702F04D0826842F480128260B9E7C9
:102A6000826842F4A002F9E70028014004240140F2
:102A700010B5044690F82400012807D0012084F8FE
:102A800024002046FEF77FFF10B107E0022010BDB2
:102A9000A16A21F4885141F00101A162002184F86A
:102AA000241010BD10B590F821100022022905D085
:102AB0000421816380F82020012010BD01680B688B
:102AC00023F00E030B6001680B6823F001030B6019
:102AD00090F84030012404FA03F1C36B596080F888
:102AE000214080F82020104610BD000010B590F85D
:102AF00021100024022903D00421816301243DE038
:102B000001680A6822F00E020A6001680A6822F071
:102B100001020A601A4A0168914201D1012121E0B3
:102B2000174A1432914201D110211BE0144A283275
:102B3000914201D1891515E0114A3C32914201D1EF
:102B400089140FE00E4A5032914202D14FF4803185
:102B500008E00B4A6432914202D14FF4801101E047
:102B60004FF08071064A083A5160012180F8211027
:102B7000002180F82010416B01B18847204610BD2C
:102B80000800024070B5044600F0FEF80546601CDF
:102B900002D004480078044400F0F6F8401BA0423C
:102BA000FAD370BD500000202DE9F84FDFF8A49152
:102BB0000024A9F1040B23464FF00F0809F1040A81
:102BC000ABF1040EBEE00127A7403A40BA4272D1F1
:102BD000DFF884C14D68A5EB0C0665452BD00DDCF4
:102BE000032D34D005DC35B3012D19D0022D2FD1A2
:102BF0001BE0112D16D0122D2AD119E0B6F5881F31
:102C000019D006DCB6F5803F15D0B6F5801F1FD170
:102C100011E0B6F5001F0ED0B6F5041F18D10AE07A
:102C2000CB6815E0CB681B1D12E0CB6808330FE0C2
:102C3000CB680C330CE08B682BB1012B4FF00803F1
:102C400003D0476104E0042302E0076100E00023B1
:102C5000FF2A01D8064601E000F104064FEA840588
:102C600001D9A5F12005376808FA05FC27EA0C0709
:102C700003FA05F547EA050737604D68ED0060D5B2
:102C8000364DAE6946F00106AE61AD6924F003062B
:102C900005F001050095324D7719BE68A5072D0F87
:102CA00008FA05FC26EA0C06DFF8B8C0604503D137
:102CB0004FF0000C17E044E0DFF8ACC0604502D1F3
:102CC0004FF0010C0FE0DFF8A4C0604502D14FF0D7
:102CD000020C08E0DFF898C0604502D14FF0030C09
:102CE00001E04FF0040C0CFA05FC4CEA060CC7F8A6
:102CF00008C04D68D9F80060ED024D4601D5164375
:102D000000E096432E604D68DAF80060AD0255464B
:102D100001D5164300E096432E604D68DBF8006055
:102D2000AD035D4601D5164300E096432E604D6825
:102D3000DEF80060ED03754601D5164300E09643CA
:102D40002E60641C0A6832FA04F57FF43CAFBDE8DB
:102D5000F88F00000804014000001110001002402C
:102D60000000014000080140000C0140001001403B
:102D7000001401408068084000D0012070470AB16B
:102D8000016170470904FBE7014880687047000053
:102D90005000002070B5040025D094F83D000025B7
:102DA00020B984F83C50204600F04EF9242084F8E5
:102DB0003D002068016821F0010101602068016880
:102DC00041F4004101602068016821F40041016084
:102DD00000F06CFB4D4B6168994201D84C4900E012
:102DE0004C49884201D2012070BD4B492268B0FB9A
:102DF000F1F1566826F03F060E43566062689A422B
:102E000006D94FF4967251434FF47A72B1FBF2F146
:102E10002268491C166A26F03F0631431162616838
:102E2000994210D84900401EB0FBF1F2521CC2F387
:102E30000B02042A01D2042022E0B0FBF1F0401C76
:102E4000C0F30B001CE0A268F2B301EBC10303EB7B
:102E50000116431EB3FBF6F35B1C43F480431B05D2
:102E600049D092B301EBC10202EB0111401EB0FB4D
:102E7000F1F0401CC0F30B0040F4804040F40040EF
:102E80002168CA694CF6FF739A431043C861D4E9BC
:102E9000071001432068026822F0C002114301605C
:102EA000D4E9030101432068826848F2FF339A4362
:102EB00011438160D4E9051001432068C26822F003
:102EC000FF021143C16001E00EE016E020680168D6
:102ED00041F0010101602564202084F83D00256354
:102EE00084F83E50002070BD01EB4106431EB3FB49
:102EF000F6F35B1CB3E70120C2E701EB4101401E82
:102F0000B0FBF1F0401CC0F30B00B7E7A086010056
:102F100080841E0000093D0040420F002DE9F84F5B
:102F20001F4690468A460446DDF82890FFF72CFF9E
:102F3000054694F83D0020287FD1192301224049FD
:102F40002046009501F0A9F9002876D194F83C00BC
:102F5000012872D0012084F83C0020680168C9076C
:102F600003D1016841F0010101602068016821F48A
:102F700000610160212084F83D00102084F83E00AB
:102F800000262664C4F824806785608D20852D483E
:102F9000E0622B464A465146204601F005F990B9B9
:102FA000206841698069009036E02A4649462046FB
:102FB00001F014FA50B1206C042804D12068016893
:102FC00041F4007101600120BDE8F88F606A21685A
:102FD00000780861626A521C6262608D401E6085E2
:102FE000208D401E80B2208521684B69DB435B0742
:102FF0000BD450B110780861606A401C6062608D2B
:10300000401E6085208D401E20852A464946204668
:1030100001F018F90028CED1208D0028C5D154F830
:103020003D0B016841F400710160202004F81E0985
:10303000E67766770020C7E7FFE70220C4E70000D5
:10304000020010000000FFFF10B586B000210091C3
:1030500001910291039100681349884222D1134CD7
:10306000A06940F00800A061A069694600F008006E
:1030700004904FF4407000901220019003200390C0
:103080000B48FFF791FD0B49486840F0E06040F0C5
:1030900002004860E06940F40010E061E06900F47B
:1030A0000010049006B010BD005400400010024013
:1030B000000C014000000140024881680278114480
:1030C0008160704750000020074810B5016841F04A
:1030D00010010160032000F075F8002000F006F8F0
:1030E00000F024F8002010BD0020024070B50D4D06
:1030F00004464FF47A712878B1FBF0F00A49096868
:10310000B1FBF0F000F0A4FB48B9102C07D200226C
:103110002146501E00F036F800206C6070BD012082
:1031200070BD0000500000205C0000200C4808B575
:10313000816941F001018161816901F00101009122
:10314000C16941F08051C161C069064900F08050F9
:103150000090486820F0E06040F00070486008BDD2
:103160000010024000000140002809DB00F01F02AF
:10317000012191404009800000F1E020C0F80011D9
:1031800070470000F0B40E4B1B68C3F30223C3F179
:103190000704042C00D904241D1D072D01D200238F
:1031A00000E0DB1E012606FA04F56D1E0D409D4071
:1031B0009E40761E164045EA0601F0BC04F07DBA3A
:1031C0000CED00E0064A00F0070110684FF6FF031F
:1031D000184040EA0120034908431060704700008E
:1031E0000CED00E00000FA0510B501460020234C6C
:1031F000012922D0022939D010291DD16168226805
:10320000D20119D51E48C1F38342C903805C0AD597
:1032100061681B4AC1F34041921E515C194AB2FBDE
:10322000F1F1484301E0184948436168490203D479
:1032300040000321B0FBF1F010BD226AC2F301216E
:10324000012903D1920701D5C80310BD022905D178
:10325000626A920702D549F6404010BD0329FCD1AD
:1032600021688903F9D54FF2244010BD00F02EF9F2
:103270006168C1F38131491C4900DBE7001002405D
:10328000D29E000800127A0000093D002DE9F843A3
:1032900004460078344FC00752D0F8690025C000BA
:1032A00008D4F86940F08050F861F869012500F011
:1032B000805000902D480168C90511D401688046EE
:1032C00041F480710160FFF75FFD064604E0FFF7FF
:1032D0005BFD801B642822D8D8F80000C005F6D515
:1032E000386A10F4407020D0A18801F44071814206
:1032F0001BD0386A1E49012220F440700A60002267
:103300000A603862C00710D0FFF73EFD064641F262
:10331000883807E0FFF738FD811B414502D90320BB
:10332000BDE8F883386A8007F4D5386A616820F40C
:103330004070084338621DB1F86920F08050F86190
:103340002078800705D57868A16820F440400843BC
:1033500078602078C00605D57868E16820F48000A0
:10336000084378600020DBE7001002400070004056
:10337000400442422DE9F0470D46040067D0DFF8D3
:103380001881D8F8000000F00700A8420CD2D8F845
:10339000001021F007012943C8F80010D8F80000F8
:1033A00000F00700A84252D120683C4E810712D598
:1033B000400703D5706840F4E06070602078000733
:1033C00003D5706840F4605070607068A16820F0A8
:1033D000F000084370602078C00727D0606801289B
:1033E00010D03168022810D0890700292FDA7168BF
:1033F00021F0030101437160FFF7C6FC074641F26B
:1034000088390CE031688903EFE78901EDE7FFF7C0
:10341000BBFCC11B494502D90320BDE8F087706899
:10342000616800F00C00B0EB810FF0D1D8F800100B
:10343000404601F00701A9420BD9016821F00701BC
:1034400029430160006800F00700A84201D0012074
:10345000E3E72078400705D57068E16820F4E06074
:10346000084370602078000706D57068216920F451
:10347000605040EAC100706000F038F87168084A96
:10348000C1F30311515CC840064908600648006852
:10349000FFF72CFE0020C0E7002002400010024091
:1034A000E29E00085C00002054000020044805490A
:1034B00000684968044AC1F30221515CC840704762
:1034C0005C00002000100240F29E000804480549FC
:1034D00000684968044AC1F3C221515CC840704782
:1034E0005C00002000100240F29E00080E4B59685C
:1034F0000E4801F00C02042A11D0082A0FD10C4802
:10350000C1F38342C903805C0AD55968084AC1F3F4
:103510004041921E515C054A5043B0FBF1F07047A8
:1035200004494843704700000010024000127A002E
:10353000C09E000800093D002DE9F84F04006FD03F
:103540002078BE4DC00747D06868C0F381000128CD
:1035500007D06868C0F38100022809D16868C003F9
:1035600006D52868800337D560680028E7D033E0A7
:103570006068B0F5803F0BD010B1B0F5A02F11D02E
:10358000286820F480302860286820F4802002E039
:10359000286840F480302860606888B1FFF7F4FB49
:1035A000064609E0286840F480202860F0E7FFF72D
:1035B000EBFB801B642873D828688003F7D50BE0E9
:1035C000FFF7E2FB064604E0FFF7DEFB801B642802
:1035D000F1D828688003F7D42078DFF86482800768
:1035E0004FF0010A4FF0000939D5686810F00C0F50
:1035F00007D06868C0F38100022809D16868C00359
:1036000006D42868800714D52069012808D110E065
:103610002069B0B1C8F800A0FFF7B6FB064605E088
:1036200007E1FFF7B1FB801B0228C4D82868800798
:10363000F7D52868616920F0F80040EAC1002860E9
:103640000DE0C8F80090FFF79FFB064604E0FFF787
:103650009BFB801B022823D828688007F7D420789A
:1036600000072CD57748A169D9B1C0F800A0FFF7B1
:103670008BFB064604E0FFF787FB801B02280FD870
:10368000686A8007F7D570484FF4FA510068B0FBBC
:10369000F1F0009000BF0098411E0091FAD20EE0B8
:1036A0007CE0C0F80090FFF76FFB064604E0FFF7F0
:1036B0006BFB801B022871D8686A8007F7D42078DA
:1036C00040075BD5E8690027C00008D4E86940F0EE
:1036D0008050E861E869012700F0805000905B4865
:1036E0000168C90511D40168834641F48071016005
:1036F000FFF74AFB064604E0FFF746FB801B642801
:103700004CD8DBF80000C005F6D5E06801280AD0E7
:1037100008B1052813D0286A20F001002862286A21
:1037200020F0040002E0286A40F001002862E0680E
:1037300041F2883B88B1FFF727FB064609E0286A7B
:1037400040F004002862EEE7FFF71EFB811B59459D
:103750005BD8286A8007F7D50BE0FFF715FB064614
:1037600004E0FFF711FB811B59454ED8286A8007FA
:10377000F7D41FB1E86920F08050E861E069A8B390
:103780006968C1F38101022946D00228484606D063
:10379000C8F86000FFF7F8FA044639E035E047461C
:1037A000C8F86000FFF7F0FA064604E0FFF7ECFA0D
:1037B000801B022829D828688001F7D4206AB0F538
:1037C000803F05D16868A16820F400300843686034
:1037D000D4E908010843696821F47411084368605A
:1037E000C7F860A0FFF7D0FA044605E023E0FFF732
:1037F000CBFA001B022808D828688001F7D51AE008
:10380000FFF7C2FA001B022802D90320BDE8F88F97
:1038100028688001F4D40EE00128F7D06868226A95
:1038200000F48031914204D1616A00F47010884242
:1038300001D00120EAE70020E8E700000010024084
:1038400000004242800442425C00002000700040C0
:1038500010B5401EB0F1807F01D3012010BD4FF0A4
:10386000E02460610F21601703F027FF0020A061B2
:1038700007202061002010BD7047704770B590F898
:103880003C20012A26D0012580F83C50022280F8F5
:103890003D2002685368946823F070060B68334338
:1038A00053600D4B02689A4208D0B2F1804F05D0A8
:1038B0000A4B9A4202D00A4B9A4204D1496824F03A
:1038C00080031943916080F83D50002180F83C103E
:1038D000084670BD022070BD002C0140000400406D
:1038E0000008004010B5040003D094F83D0010B16A
:1038F00007E0012010BD002084F83C00204600F0C5
:103900001FF8022084F83D00211D206803F002FD0D
:10391000012084F8460084F83E0084F83F0084F8D3
:10392000400084F8410084F8420084F8430084F8A1
:10393000440084F8450084F83D00002010BD0000DC
:1039400008B500680B49884212D10B48C16941F0A3
:103950000401C161C069002200F0040000900D2143
:103960001E20FFF70FFCBDE808401E20FFF7FCBB40
:1039700008BD0000000800400010024090F83D1013
:10398000012901D001207047022180F83D10016813
:10399000CA6842F00102CA6000680B49884208D038
:1039A000B0F1804F05D00949884202D008498842C9
:1039B00004D1816801F00701062903D0016841F0B4
:1039C0000101016000207047002C0140000400400C
:1039D0000008004070B5044690F83C00002501281E
:1039E00017D0012684F83C60022084F83D0020684E
:1039F000826822F0770222F47F42826008685028B1
:103A000038D00DDC20284FD005DC90B3102811D120
:103A10004AE0022070BD302846D040280AD13BE061
:103A200060282FD070280DD0B0F5805F03D0B0F59E
:103A3000005F12D0012584F83D60002084F83C002E
:103A4000284670BDCB68D1E90121206803F09EFCB7
:103A50002068816841F0770109E0CB68D1E9012154
:103A6000206803F093FC2068816841F48041816004
:103A7000E1E719E0CA684968206803F099FC502121
:103A8000206806E0CA684968206803F0A2FC60214B
:103A9000206803F085FCCEE7CA684968206803F017
:103AA00087FC40212068F4E7226801461046F0E7D1
:103AB00070472DE9F04104460068C66805694FF07B
:103AC0000007A90713D5B10711D5F91E016101201F
:103AD0002077206880698007204602D0FFF7E8FF42
:103AE00004E000F07EF8204600F07CF827776807B5
:103AF00016D5700714D521686FF004000861022004
:103B000020772068806910F4407F204602D0FFF7BC
:103B1000CFFF04E000F065F8204600F063F8277757
:103B2000280715D5300713D521686FF00800086104
:103B3000042020772068C0698007204602D0FFF764
:103B4000B7FF04E000F04DF8204600F04BF827776F
:103B5000E80616D5F00614D521686FF0100008614C
:103B6000082020772068C06910F4407F204602D0EA
:103B7000FFF79EFF04E000F034F8204600F032F832
:103B80002777E80708D0F00706D021686FF001001A
:103B90000861204600F028F8280608D5300606D52A
:103BA00021686FF0800008612046FFF765FE680617
:103BB00008D5700606D521686FF0400008612046E0
:103BC00000F050F8A8060AD5B00608D521686FF0B5
:103BD000200008612046BDE8F041FFF74EBEBDE879
:103BE000F08170477047000010B501681B488142A2
:103BF00032D11B4C94F8200020B194F82000401ED4
:103C000084F82000608E10B1608E401E6086606B6C
:103C1000401C6063B0F5FA6F03D10020606301209F
:103C2000A071A07C00B1012000F0CCFDE07C00B1CF
:103C30000120FEF7AFF9207D00B10120FEF762FC04
:103C4000607D00B1012003F075FAA07D00B1012074
:103C5000BDE8104003F05CBA10BD00000008004051
:103C600000000020704718B5034690F84200202855
:103C700001D0022018BD51B14AB1012018630020C3
:103C80005863184603F0A4FC010002D005E00120AF
:103C900018BD186B012802D00121084618BD18680C
:103CA00002684068009018680C3050E8002F42F01D
:103CB000100240E80024002CF5D1EEE705498842C7
:103CC00007D1054901204202087004490148FFF765
:103CD000CABF70474C0100204C0000205C06002049
:103CE00070470000F8B5016804460868CA684B6967
:103CF00010F00F0F4FF000055AD003F0010602F448
:103D00009077374365D0C10705D0D10503D5616CE5
:103D100041F001016164410705D5D90703D0616C09
:103D200041F002016164810705D5D90703D0616CB8
:103D300041F004016164010707D502F0200131431D
:103D400003D0616C41F008016164616C00293BD0D3
:103D5000800604D5900602D5204603F07BFB206840
:103D60004069616CC0F3801001F0080101432046F6
:103D70002BD003F048FB20684069400621D520681D
:103D8000143050E8001F21F0400140E80012002AE2
:103D9000F5D1E06BA8B16D494163E06BFEF7A6FE7B
:103DA000002811D0E06B416B01B0BDE8F04008473E
:103DB00083060ED593060CD52046BDE8F84003F0E7
:103DC00049BB2046FFF78CFFF8BDFFF789FF65640C
:103DD000F8BD266B2023012E7CD1C6067AD5D606E7
:103DE00078D508684868009048694FF00206400698
:103DF00040D5E16B086840680004000CE8D0A28D53
:103E00008242E5D9E085886920282DD020680C30D1
:103E100050E8001F21F4807140E80012002AF5D11B
:103E20002068143050E8001F21F0010140E8001222
:103E3000002AF5D12068143050E8001F21F040011D
:103E400040E80012002AF5D184F84230256320684A
:103E50000C3050E8001F21F0100140E80012002A49
:103E6000F5D1E06BFEF71EFE6663A08DE18D401A72
:103E700081B22AE0A08DE18D401A81B2E08D002848
:103E8000A6D00029A4D020680C3050E8002F22F4DE
:103E9000907240E80027002FF5D12068143050E8D8
:103EA000002F22F0010240E80027002FF5D184F80E
:103EB0004230256320680C3050E8002F22F01002B9
:103EC00040E80023002BF5D166632046FFF7F6FE9D
:103ED000F8BDFFE705062BD5150629D594F8410056
:103EE0002128F5D1A068B0F5805F01D12069B0B17B
:103EF000206A411C2162216800784860E08C401EE5
:103F00000004000CE084E3D12068C16821F0800146
:103F1000C1602068C16841F04001C160D8E7206AF3
:103F20000088C0F308004860206A801C2062E5E732
:103F30004006CDD55006CBD5CA68204622F04002B7
:103F4000CA6084F8413000F015F9C1E7F773000842
:103F500070B5040004D094F84100002510B106E0CB
:103F6000012070BD84F84050204600F023F8242042
:103F700084F841002068C16821F40051C1602046E6
:103F800003F0CAFA2068016921F4904101612068B8
:103F9000416921F02A0141612068C16841F4005162
:103FA000C1606564202084F8410084F842006563A4
:103FB000002070BD70B586B0002400940194029476
:103FC000039401682E482D4E022203230515B142A9
:103FD00026D1816941F480418161816901F4804188
:103FE0000491816941F0040181618069254E00F0EE
:103FF000040004901002CDE90002694603933046A4
:10400000FEF7D2FDCDE90054694630460294FEF732
:10401000CBFD00220E212520FFF7B4F8252028E053
:10402000194EB14227D1C16941F48021C161C169F2
:1040300001F480210491816941F008018161806966
:10404000CDE9005200F00800CDE903300F4D69467C
:104050002846FEF7A9FDE814CDE900046946284684
:104060000294FEF7A1FD00220F212720FFF78AF816
:104070002720FFF779F806B070BD00000038014036
:10408000001002400008014000480040000C0140C0
:1040900090F84230202B01D00220704721B11AB194
:1040A0000023036303F094BA01207047074910B559
:1040B00088420AD106480078FDF7C8FFBDE81040E5
:1040C000012203490148FFF7E3BF10BD940100201E
:1040D000620000202DE9F843044690F841001F4695
:1040E00015460E46202802D00220BDE8F8838EB186
:1040F00085B100206064212084F84100FEF744FE71
:10410000A5848146E584A0684FF02008B0F5805F63
:1041100002D003E00120E8E7206910B1354600260F
:104120000EE000250CE08021204603F06CFAA0B9D7
:10413000BDB115F8010B21684860E08C401EE08499
:10414000E08C4B464FF0000200970028EBD14FF077
:104150004001204603F057FA40B184F84180032023
:10416000C3E736F8020BC0F30800E4E784F84180A7
:104170000020BAE77047FEE701684A69D24352055A
:104180000FD46FF480624A61002140F8301F202272
:1041900042738173026942F00402026101730120DB
:1041A0007047002070470000F8B50446C06A1E46FC
:1041B0000D461746082807D0012805D010F5803F86
:1041C00002D0206B122804D12068016841F480716C
:1041D0000160134600224FF001112046009600F0C6
:1041E0005CF840B120680068C00502D54FF400704B
:1041F00020640320F8BD2069B0F5804F0ED0062062
:10420000216800EAD51040F0F000086133463A46D4
:104210000B49204600F085F878B902E005F0FE0071
:1042200000E0E8B221680861054933463A46891F33
:10423000204600F076F80028DCD00120F8BD000010
:104240000800010070B516460D4604461EE02046E3
:10425000FFF792FF08B1012070BD681C16D0FEF771
:1042600093FD801BA84200D885B920684069C043EF
:1042700040070BD5002044F8300F20216173A07354
:10428000216941F0200121612073E4E72068406941
:10429000C0434007DBD4002070BD2DE9F0471E4627
:1042A00090460D460446C1F30747DDF8209026E00E
:1042B000701C24D0FEF768FDA0EB0900B04200D8C6
:1042C000EEB92068012F16D0806925EA00000004AD
:1042D000000C12D00020404511D1002044F8300FCE
:1042E00020216173A073216941F0200121612073B5
:1042F0000120BDE8F0874069E7E70120EBE720688F
:10430000012F0AD0806925EA00000004000C06D0C5
:1043100000204045CCD00020EBE74069F3E70120C6
:10432000F7E72DE9F047984616460D4604464FF04C
:1043300000094FF0200AC1F3074723E020684069D5
:10434000C043400515D42068016841F40071016044
:1043500021686FF480604861C4F8309084F83DA013
:1043600084F83E90216C41F00401216484F83C9073
:1043700020E0701C06D0FEF707FDA0EB0800B0425D
:1043800003D816B1012F1ED020E02068012F14D0D1
:10439000806925EA00000004000C17D044F8309F23
:1043A00084F80DA084F80E90216941F0200121616C
:1043B00084F80C900120BDE8F087406925EA0000F0
:1043C0000004000CEAD12068406901E0206880699F
:1043D00025EA00000004000CB0D1ECE770B51646E9
:1043E0000D4604461EE02046FFF7C6FE08B1012038
:1043F00070BD681C16D0FEF7C7FC801BA84200D811
:1044000085B920684069C04300060BD5002044F8F8
:10441000300F20216173A073216941F020012161D7
:104420002073E4E720684069C0430006DBD4002025
:1044300070BD000070B50E4D002420212846FEF707
:1044400099FC00B9012440212846FEF793FC00B9ED
:10445000022480212846FEF78DFC00B903240121A7
:104460000448FEF787FC00B90424204670BD000014
:1044700000080140000C014070B5D14E96F82000B4
:1044800000282BD10A2086F82000FFF7D3FF3077D1
:10449000B27F4FF42F7420EA0201424071778243C9
:1044A000F277B07702200422012908D000250229E2
:1044B0004ED0012403297BD004297AD143E13178FD
:1044C000012904D002290AD0032913D034E0F1785D
:1044D000491EC9B2F170F02900D9F07070BD707832
:1044E000002806D1F078401EC0B2F070F02800D944
:1044F000F27047E1B07850B1717C0029EED0082805
:1045000011D2DFE800F01010100D10101011F0782B
:10451000401EC0B2F070F02801D90620F0703FE1D3
:104520004FF4967400E0002402F0DEFEB16B081A2E
:10453000B063A04200DAB4633078042839D1F0784F
:10454000401EC0B2F070F02801D90B20F070C8E016
:104550003078012804D002280AD0032813D03FE085
:10456000F078401CC0B2F0700328B7D1F57070BD70
:1045700070780028BDD1F078401CC0B2F0700528DA
:1045800000D3F570FEE0B07850B1717C0029EED018
:1045900008281CD2DFE800F01B0E161013161C189A
:1045A000F078401CC0B2F070072800D3F570F7E037
:1045B00021E02EE03C240BE04FF47A7408E040F256
:1045C000E73405E0642403E04FF4AF6400E0002426
:1045D00002F08AFEB16B0844B063A04200DDB46310
:1045E0003078042876D1F078401CC0B2F0700C28E6
:1045F00077D3F57075E03179032381F001013171D2
:104600003178012906D0022917D003292AD004299C
:104610006DD05FE0F17841B1012909D00229A6D11E
:104620003270F5707576F47370BD3070F57570BDCD
:104630003370F5703576B57094E0717881BBF178A0
:1046400005290BD2DFE801F0030507090C0074709F
:1046500004E0707002E0737000E07270347191E0F9
:104660000520F6E7B07860B1B16B02F021FE308D25
:10467000718D88422BD3B278062A23D0072A24D002
:1046800025E0F078401CC0B2B070082815D2DFE8F1
:1046900000F01404080A0C0E1012B6F922000DE006
:1046A00070E0F0790AE0B08C08E0F08C06E0307A37
:1046B00004E0308D02E0708D00E00020B06374747F
:1046C00034716AE0491E318501E0401C70857574C3
:1046D000B57034713078022854D003285DD0042896
:1046E000A5D1F078717E884265D2707670BDF07881
:1046F000052824D2DFE800F0030A11181F00B07C5F
:1047000010B10020B0741AE00120FBE7F07C10B17A
:104710000020F07413E00120FBE7307D10B1002091
:1047200030750CE00120FBE7707D10B10020707542
:1047300005E00120FBE7B07D18B10020B0753471B1
:10474000CFE70120FAE73078022802D0032805D00D
:104750000AE0717841B17570347170BDB17819B1EA
:10476000B5703471757470BD3179042881F0010120
:10477000317105D0022801D00328F4D13470F5E658
:10478000F573FBE7F078F17D884201D2F07570BDDA
:10479000C91C8842FBD3801EF8E7B0780028F6D108
:1047A000F078317E884201D2307670BDC91C8842D3
:1047B000FBD3801EF8E7C91C8842F6D3801E94E71D
:1047C0000000002010B5044602464FF480710348F3
:1047D000FEF7D5FA0248047010BD00000008014041
:1047E0006A00002070B500252C4605210120FDF748
:1047F00031F905440120FEF7C5F9641CE4B20A2C26
:10480000F3D30A20B5FBF0F080B270BD70B5FFF7AE
:10481000E9FF05F05FF96FF00B0105F012FB124D97
:10482000294605F06BF904460146284605F032FAA0
:104830000146204605F06CF80C4905F05FF904F0DC
:10484000D3FF4FF080420A4B03F0CAFB0022094B12
:1048500004F0BAFC04F038FC80B2B0F57A7F01D3E2
:1048600040F2E73070BD00003333534000401C4637
:104870006744E3BF0088E34010B50446007B01288D
:1048800002D12068FBF7EBFC002020606060A06094
:10489000207310BD0246012002F07F030B70D20985
:1048A00008D043F08003401C01F8013B0428F3DDED
:1048B0004FF0FF3070472DE9F041044600250068B5
:1048C0000F462E4610B10220207315E00120207300
:1048D0000846FBF795FC2060002808D0C4E9016772
:1048E00002E0206846556D1CA068A842F9D8BDE8D2
:1048F000F081206846556D1CA068A842F9D8666012
:104900008842F4D22660F2E72DE9FF5F9A4693468B
:1049100000251046DDF844900E9F139CFBF756FED1
:1049200006B2BBF1000F1FD006F111001FFA80F88C
:1049300007B10225109868B145F00405FBF746FE63
:10494000C7B24846FBF742FEC11901EB0800001D43
:104950001FFA80F80F9870B1012807D0022808D0FC
:10496000022004B0BDE8F09F0120FAE745F00C05F5
:1049700001E045F01405129808B145F024050098AF
:1049800060B3019850B345F0C0050098FBF71EFED8
:1049900007460198FBF71AFE391801EB0800001DC5
:1049A00087B239462046FFF786FF2068C0B13946F6
:1049B000FBF7F9FED4E90030411C102261601A5463
:1049C000D4E900010144781FFFF764FF00B200281A
:1049D00008DA2046FFF750FF0520C2E70320C0E7B2
:1049E0000420BEE7616823680844411C616000221E
:1049F0001A54D4E90030421C042162601954D4E9ED
:104A00000070421C4D2362603B54D4E90070421C8C
:104A1000626051233B54D4E90030471C5422676044
:104A20001A54D4E90070431C63603A54D4E900304E
:104A3000421C62601954D4E90020411C6160155485
:104A4000D4E90030411C4FEA1A2261601A54D4E9BB
:104A50000030421C626003F800A0D4E90030411C21
:104A6000320A61601A54D4E90020411C6160165476
:104A7000D4E90001084432465946FBF75FFD6068FF
:104A800030446060680736D5B9F1000F01D10FF2EC
:104A9000D8091098FBF79AFD86B2D4E90030411C82
:104AA000320A61601A54D4E90020411C6160165436
:104AB000D4E90001084432461099FBF73FFD6068D5
:104AC000304460604846FBF781FD86B2D4E900308F
:104AD000411C320A61601A54D4E90020411C616013
:104AE0001654D4E90001084432464946FBF726FD36
:104AF000606830446060280618D50098FBF766FDB2
:104B000086B2D4E90030411C320A61601A54D4E9FB
:104B10000020411C61601654D4E90001084432466B
:104B20000099FBF70BFD606830446060680618D59B
:104B30000198FBF74BFD85B2D4E90030411C2A0AED
:104B400061601A54D4E90020411C61601554D4E915
:104B5000000108442A460199FBF7F0FC60682844EC
:104B600060600020FDE60000000000002DE9FF4F1E
:104B700081B04FF000059046119C0F999A465FEA6C
:104B8000000BA9462A4608D1012005B0BDE8F08FE8
:104B9000232816D02B2814D06D1C0298405D0028C5
:104BA000F6D142F0300709B147F0010705EB0A06DC
:104BB0000E98B61C68B1012805D0022806D0032043
:104BC000E3E70220E1E747F0020701E047F00407CE
:104BD000B61CB8F1000F03D098F80000022807D0E7
:104BE000711D2046FFF767FE206848B3711D13E072
:104BF000002018F80010401C7D29FAD100F10409AA
:104C0000AAEB0900311A00912046C91CFFF753FE98
:104C10002068A8B10099C91CFBF7C5FDD4E90020A4
:104C2000411C61601754D4E9000101443046FFF78C
:104C300031FE002806DA2046FFF71EFE0520A4E715
:104C40000420A2E7616823680844411C2A0A6160C5
:104C50001A54D4E90020411C61601554D4E90001C4
:104C600008442A460299FBF769FC606828446060A2
:104C70000E9959B12368411C4FEA1B2261601A54F6
:104C8000D4E90030421C626003F800B0B8F1000FB4
:104C90000ED098F800000228D4E90001084409D099
:104CA00052464146FBF708FD616801EB0A0060606F
:104CB00000206AE74A464146FBF7FEFC616801EBCB
:104CC0000900F4E730B591B01546149C03460091F5
:104CD0000AA2302104A8FBF70BFB01200021CDE93B
:104CE0000204CDE900010A462B4604A90A20FFF779
:104CF0003DFF002800D0012011B030BD247379732E
:104D00002F25732F25732F7468696E672F70726F4C
:104D100070657274792F706F737400002DE9F0471D
:104D20004FF00007089C984616468A465FEA00093D
:104D30003D460AD10120BDE8F08756F8250018B39A
:104D4000FBF744FC6D1C0744EDB24545F5D308EB79
:104D50004800C519E91D2046AD1CFFF7ACFD2168D0
:104D6000A1B160688223421C62600B54D4E9000147
:104D700001442846FFF78EFD00B2002808DA2046DD
:104D8000FFF77AFD0420D6E70220D4E70320D2E71C
:104D9000616823680844411C4FEA192261601A5473
:104DA000D4E90030421C626003F80090002520E046
:104DB00056F82500FBF70AFC0746020AD4E9003042
:104DC000411C61601A54D4E90020411C61601754F1
:104DD000D4E90001084456F825103A46FBF7AEFB2B
:104DE000606823683844421C62606D1C03F800A0B0
:104DF000EDB24545DCD300209DE7F0B50446002028
:104E000001235D05106012E0275C166807F07F073C
:104E100007FB03661660265C360601D4401CF0BD15
:104E2000DB01AB4202D36FF00100F0BD401C8842B1
:104E3000EADB4FF0FF30F0BD4178022901D00120BC
:104E40007047817819B1012901D0FF207047C078DF
:104E5000704700002DE9F84F05460078DDE90A7B30
:104E600000F00F0900200E460090C9F341011446DE
:104E70008BF80010984609F0080A6A460421681C5D
:104E8000FFF7BBFF054400996D1C022942D35FEA7E
:104E9000C9703FD1288840BA2080801C88427AD8C7
:104EA0003EA1A81CFBF75CFB10B10F20BDE8F88FFA
:104EB0009BF8000020B101282DD002286BD12AE0F8
:104EC000BAF1000F67D12088401CFBF799F93060D8
:104ED000002860D02188491CFBF765FC2288A91CAA
:104EE0003068FBF7E9FB20880099081A801E80B221
:104EF0003880401CFBF784F9C8F8000038B13988C5
:104F0000491CFBF750FC3A882088AD1C33E0306820
:104F1000FBF7A5F93FE02088009A811C91423AD81E
:104F2000A91C08440C99008840BA08800C9890B3DA
:104F30002088401CFBF764F9306060B32188491C6D
:104F4000FBF731FC2288A91C3068FBF7B5FB2088F1
:104F50000099081A001F80B23880401CFBF750F9F6
:104F6000C8F800000028D2D03988491CFBF71BFC88
:104F70003A8820882D1D4119D8F80000FBF79CFBCA
:104F80002B213046FBF7D0FA28B923213046FBF716
:104F9000CBFA00288AD0FF2088E7000024637265DE
:104FA000710000004178022904D1817811B9C078DC
:104FB0000A2801D0012070470020704738B5044608
:104FC0000078FF210009421E0E2A01D3084638BD91
:104FD0000328FCD1002000906A460421601CFFF7E2
:104FE0000CFF20440099401C022907D32278D207E5
:104FF00004D1028852BA921C8A4201D9FF2038BDDE
:1050000004A1801CFBF7ACFA08B10F2038BD0320C7
:1050100038BD000024637265710000000146FF2066
:105020008A78002A0BD1CA78142A08D1087938B1B5
:10503000012805D0022803D0802803D00220704721
:1050400000207047012070473EB5002111480091B3
:1050500001910F4A02910260816001730175012480
:105060004FF460220461C2614160FDF749FB08B161
:10507000FDF746FA05200094CDE901406946054850
:10508000FDF7BCFA002801D0FDF73AFA3EBD00005A
:1050900000240140800000202DE9F04385B0002469
:1050A00030480094019402940394816941F02001F6
:1050B0008161816901F020010491816941F004015D
:1050C0008161816901F004010491816941F0080165
:1050D00081618069DFF8909000F008004FF470461D
:1050E0000490002231464846FDF749FEDFF87C80F7
:1050F0004FF48077002239464046FDF740FE0122FA
:1051000080214846FDF73BFEE02001258DE8310077
:1051100069464046FDF748FDCDE9005469464846DA
:105120000295FDF741FDCDE900650226CDE9024675
:1051300069464846FDF738FD00970396CDE90154CE
:1051400069464046FDF730FD802000901120CDE9F2
:1051500001050320039069464846FDF725FD05B08B
:10516000BDE8F08300100240000C0140000801403F
:105170000D4810B50B4901600C49416000214FF406
:1051800080428160C0E9031241618161C1610162B5
:10519000FDF700FE002803D0BDE81040FDF7B0B9D0
:1051A00010BD000000540040B0000020801A06002E
:1051B00010B586B00024174800940194029403941B
:1051C00004941349059401604721C0E9011440F299
:1051D000E731C0E903148461FEF784FB08B1FDF7F1
:1051E0008FF94FF48050009069460A48FEF7F2FBB1
:1051F00008B1FDF785F9049404A906480594FEF763
:105200003DFB002801D0FDF77BF906B010BD000082
:1052100000080040040100200C4810B50A49016054
:105220004FF4E1314160002181600C22C160C0E98E
:1052300004128161C161FEF78BFE002803D0BDE836
:105240001040FDF75DB910BD003801404C01002051
:105250000C4810B50A4901604FF416514160002115
:1052600081600C22C160C0E904128161C161FEF756
:105270006FFE002803D0BDE81040FDF741B910BD16
:105280000048004094010020FEE7FEE730B4002112
:10529000084B0A46002003EBC004401CC0B2625415
:1052A0008028F8D3491CC9B20829F3D330BC00F0D8
:1052B00059B90000DC0100202DE9FE4F0026171A25
:1052C0008146701E3546A3EB010A8846002F02DD99
:1052D0004FF0010102E003D14FF00001019102E023
:1052E000C7F100070190BAF1000F02DD4FF0010095
:1052F00002E003D14FF00000009002E0C7F1000A85
:1053000000905046574501DD3C4600E00446601CD5
:105310004FF0000B029016E008F0FF0109F0FF00CB
:105320000C9A00F015F83E445544A64202DD01995E
:10533000361B8944A54202DD00992D1B88440BF1E0
:1053400001001FFA80FB02998B45E5DBBDE8FE8F6B
:1053500030B5CC0801F0070301259D40EBB2064DA6
:1053600005EBC005C808285C0AB1184302E063EAEF
:105370000000C043285530BDDC0100202DE9F84F66
:105380001C46DDF828A0174688460546032A42D366
:10539000032C40D3BAF1640F01D94FF0640A4FF0E7
:1053A000010B2846CDF800B000F037F86D1CBF1E89
:1053B00007F0FF09EEB208F10100C5B2A41EE7B282
:1053C00006EB09000024A0F101080BE0002000908A
:1053D0002819C3B2C1B208F0FF023046FFF76CFFD4
:1053E000641CE4B2BC42F1D309FB0AF06421B0FBB7
:1053F000F1F800242F44D9467F1E0AE03019C2B2CA
:10540000FBB2C0B22946CDF80090FFF755FF641CEF
:10541000A4B24445F2D3BDE8F88F2DE9F8411C460B
:10542000079E88460746002A1FD0002C1DD0BD18B5
:105430006D1EEAB20B460096FFF73EFF4444641E21
:10544000E3B2EAB2E1B238460096FFF735FF3A46DA
:10545000E3B2414610460096FFF72EFFE3B2EAB2F0
:10546000E8B241460096FFF727FFBDE8F88110B586
:105470001420FDF787FB0021AE2000F0C7F90021C2
:10548000084600F0C3F90021102000F0BFF9002108
:10549000402000F0BBF90021812000F0B7F9002185
:1054A000CF2000F0B3F90021A12000F0AFF90021D6
:1054B000C82000F0ABF90021A62000F0A7F90021D8
:1054C000A82000F0A3F900213F2000F09FF900215F
:1054D000D32000F09BF90021084600F097F9002145
:1054E000D52000F093F90021802000F08FF90021F1
:1054F000D92000F08BF90021F12000F087F900217C
:10550000DA2000F083F90021122000F07FF9002159
:10551000DB2000F07BF90021302000F077F900213A
:10552000202000F073F90021022000F06FF9002123
:105530008D2000F06BF90021142000F067F9FFF7CF
:10554000A5FE0021AF2000F061F9BDE81040FFF793
:105550009DBE0346012000E05843491EC9B2FBD25C
:1055600070470000F0B5A3B00024154E402701ADF0
:1055700004F1B000C0B2002100F048F90021084653
:1055800000F044F90021102000F040F98DF804707B
:10559000002006EBC0012A18401C095DC0B2517002
:1055A0008028F6D364200090812301AA7821054841
:1055B000FDF7B4FC641CE4B2082CD9D323B0F0BDD1
:1055C000DC010020B00000202DE9FC4F1D4688467C
:1055D00081468B460090082B0DD0680700D0012033
:1055E00000EBD50069084843C0B2203A02F0FF0A38
:1055F0000026019046E00620F7E7082D10D00C2D7C
:1056000014D0102D16D0182D3FD122490AEBCA0014
:1056100001EB80000027845DE0070FD00B9A10E0BB
:105620001D490AEB4A0001EB4000F3E70AEB4A0090
:105630001A49EDE71A4901EB0A10EBE70B9830B372
:10564000002241464846FFF783FE7F1C640808F1AC
:105650000100FFB200F0FF08082FDDD309F10100BF
:1056600000F0FF09082D0AD00099A9EB0100B0EB6A
:10567000550F04D10BF10800894600F0FF0B761C92
:10568000D846F6B201988642B7D3BDE8FC8F012216
:10569000D7E7000086AB0008FA9E000822A10008A8
:1056A00096A500082DE9FC4F814600901E469246C3
:1056B00088468B46580700D0012000EBD600704387
:1056C0000025019041E0102E0ED0182E10D0202E73
:1056D00015D0402E3CD1204901EB4A200027445DE3
:1056E000E00711D00B9A12E01C4901EB4A10F5E7D4
:1056F00019490AEBCA00C83901EBC000EEE71649A8
:10570000803901EBCA10E9E70B9818B30022414633
:105710004846FFF71DFE7F1C640808F10100FFB238
:1057200000F0FF08082FDBD309F10100009900F019
:10573000FF09A9EB0100B04204D10BF10800894632
:1057400000F0FF0B6D1CD846ADB201988542BAD36C
:10575000BDE8FC8F0122DAE7CABF0008E2B8000802
:105760002DE9F84F0025DDE90A691F4692468B4670
:105770008046082E00D1022500241CE0381B401E64
:10578000C1B20A20FFF7E5FEBAFBF0F00A21B0FB38
:10579000F1F201FB1200CDF8009080B13030C2B2BE
:1057A00005EB560101FB0480C0B233465946FFF7B2
:1057B0000BFF641CE4B2BC42E0D3BDE8F88F05EBFC
:1057C000560101FB0480C0B233463022EEE72DE9DA
:1057D000F8411E46154688460446079F0BE03346AF
:1057E000414620460097FFF7EFFE082E0AD004EB53
:1057F0005600C4B26D1C2A78A2F120005E28EED9B2
:10580000BDE8F881A41DE4B2F4E700001CB501B1C5
:1058100040218DF804108DF80500642000900223CB
:1058200001AA78210148FDF779FB1CBDB0000020DA
:105830002DE9F0438BB005460024FAF7C7FEC7B246
:105840001DB1002069461C2F08D201200BB0BDE815
:10585000F0832A5D0A552855641CE4B2BC42F8D393
:105860000855002681468846344621E018F806008F
:105870002B2812D008DC202812D0232827D0252856
:1058800022D0262806D125E02F2817D03D2824D065
:105890003F2816D02855641C07E0281910A101E004
:1058A000281910A1FAF7FCFEE41C761CE4B2F6B24B
:1058B000BE42DBD305F804900020C7E728190AA1EF
:1058C000F0E7281909A1EDE7281909A1EAE7281945
:1058D00008A1E7E7281908A1E4E7281907A1E1E7EB
:1058E000253242002532300025324600253346005D
:1058F0002532350025323300253236002533440069
:105900002DE9FC5FFF4F00242546788E00287DD1CD
:105910004FF0640AA7F832A03879A14618B187F889
:105920000490FFF7B3FC38784FF00108012807D046
:10593000102602286BD003286AD0042869D1F2E32C
:105940000022102311462820CDF80080FFF7AAFE80
:105950001023012200213820CDF80080FFF7A2FE9D
:105960001023022200214820CDF80080FFF79AFE84
:10597000F87800B1012010230090E3A2194600201E
:10598000FFF725FFF878012801D0012000E0002072
:1059900000901023DDA220210020FFF718FFF878E7
:1059A000022801D0012000E0002000901023D8A29E
:1059B00030210020FFF70BFFF87800B10120102301
:1059C0000090032219461846FFF76CFEF87800B1E4
:1059D000012010230090042219462020FFF762FEC8
:1059E000F87800B1012010230090052219463020DC
:1059F000FFF758FEF87800B101201023009006222E
:105A000019464020FFF74EFEF87803E0F2E373E01A
:105A100021E21CE200B10120102300900722194668
:105A20005020FFF73FFEF878012801D0012000E068
:105A3000002010230090082220211846FFF732FE94
:105A4000F878012801D0012000E0002020210090FA
:105A5000102309220846FFF725FEF878012801D017
:105A6000012000E00020009010230A222021302095
:105A7000FFF718FEF878012801D0012000E000208F
:105A8000009010230B2220214020FFF70BFEF87816
:105A9000022801D0012000E00020102300900C22F9
:105AA00030211846FFF7FEFDF878022801D00120CA
:105AB00000E00020009010230D2230212020FFF76D
:105AC000F1FDF878022801D0012000E0002030210B
:105AD000009010230E220846FFF7E4FDF878022814
:105AE00001D0012000E00020009010230F2230217F
:105AF0004020FFF7D7FDAAE178784FF01003CDF8EA
:105B0000008060B1002183A20846FFF760FE78782C
:105B1000062878D2DFE800F077CAF4F3F2F1032226
:105B200000211820FFF7BEFD1023042200212820A9
:105B3000CDF80080FFF7B6FD1023052200213820A4
:105B4000CDF80080FFF7AEFD102301220021482090
:105B5000CDF80080FFF7A6FD102302220021582077
:105B6000CDF80080FFF79EFD0025B9464C4699F818
:105B700017002844C6B2052EBDD228011030C0B28D
:105B800007460146102367A20020CDF80080FFF7EA
:105B90001EFEE078864201D0012400E00024052E9C
:105BA0007ED2DFE806F00317344D680010231A4652
:105BB000394600200094FFF775FD10231122394665
:105BC00018460094FFF76EFD10231222394620205C
:105BD000009419E010231322394600200094FFF7A7
:105BE00061FD10231422394618460094FFF75AFD30
:105BF00010231522394620200094FFF753FD10236F
:105C00001622009434E023E1FFF74CFD48E0102316
:105C10001722394600200094FFF744FD1023182274
:105C2000394618460094FFF73DFD102319223946E6
:105C300020200094FFF736FD10231A22009417E06D
:105C400010232322394600200094FFF72BFD102358
:105C50002422394618460094FFF724FD10232522FC
:105C6000394620200094FFF71DFD102326220094C2
:105C700039463020C8E710232322394600200094FB
:105C8000FFF710FD10232422394618460094FFF731
:105C900009FD102328A2394620200094FFF797FD24
:105CA0006D1CEDB2032DFFF461AFD0E0102323A2F1
:105CB00019460020CDF80080FFF789FDCDE9006886
:105CC0000223BA7E10213020FFF74AFD10231DA2C7
:105CD00019464820CDF80080FFF779FD10231AA25D
:105CE00020210020CDF80080FFF771FDCDE900688C
:105CF00002232021FA7E30202AE076E05EE046E0B2
:105D00002EE0000000000020312E0000322E0000A6
:105D1000332E000053656E736F72204465746169A1
:105D20006C00000020202020202020202020202087
:105D300020202020000000005048000054656D70B5
:105D40003A0000004300000048756D693A00000009
:105D5000FFF706FD1023F7A22021CDF8008042E0D6
:105D60001023F5A219460020CDF80080FFF72FFD83
:105D7000CDE9006804233A8E10212820FFF7F0FCBB
:105D80001023EFA219465020CDF8008047E21023DF
:105D9000ECA219460020CDF80080FFF718FDCDE9F0
:105DA00000680323BA8D10213820FFF7D9FC102397
:105DB000E6A219465820CDF8008030E21023E4A274
:105DC00019460020CDF80080FFF701FDCDE90068FD
:105DD0000323FA8D10213020FFF7C2FC1023D5A237
:105DE0001946CDF80080482019E2DB49B86C03F071
:105DF00085FE4FF07C5103F023FD03F04BFE80B293
:105E0000B0FBFAF25146B0FBF1F40AFB1205102385
:105E1000D2A219460020CDF80080FFF7D8FCCDE9CA
:105E200000680223224610212020FFF799FC10234E
:105E30002E2219463020CDF80080FFF7C5FBCDE9B2
:105E4000006802232A4610213820FFF789FC68E306
:105E500087F8019065E3B8784FF01003CDF8008023
:105E600068B10021BEA20846FFF7B1FCB878082847
:105E70007ED2DFE800F07DF1F0EFEEEDECEB1B22DF
:105E800000212020FFF70EFC10231C2200213020CF
:105E9000CDF80080FFF706FC10231D2200214020D2
:105EA000CDF80080FFF7FEFB10231E2200215020BA
:105EB000CDF80080FFF7F6FB0025B9464C4699F86F
:105EC00018002844C6B2072EC1D228011030C0B233
:105ED00007461023AFF2B41201460020CDF800802F
:105EE000FFF775FCE078864201D0012400E0002431
:105EF000072E25D2DFE806F0040825405982B100BC
:105F000010231A46009402E010231122009439460F
:105F10000020FFF7C7FB10231222394618460094D1
:105F2000FFF7C0FB10231B22394620200094FFF707
:105F3000B9FB10231C22394630200094FFF7B2FB36
:105F4000B6E010231322394600200094FFF7AAFB85
:105F500010231422394618460094FFF7A3FB1023A0
:105F60001522394620200094FFF79CFB102300E007
:105F7000B1E01622009430E01023172239460020A9
:105F80000094FFF78FFB102318223946184600941F
:105F9000FFF788FB10231922394620200094FFF7D1
:105FA00081FB10231A22009417E010232322394684
:105FB00000200094FFF776FB102324223946184670
:105FC0000094FFF76FFB1023252239462020009410
:105FD000FFF768FB10232622009439463020FFF794
:105FE00061FB10231B22394640200094FFF75AFB27
:105FF00010231C223946502000949FE710232322AF
:10600000394600200094FFF74DFB10232422394627
:1060100018460094FFF746FB1023AFF2E4223946FE
:1060200020200094FFF7D3FB10231B223946302099
:106030000094FFF737FB10231C22394640200094C0
:10604000FFF730FB102349A200942DE0AFE0A9E058
:106050006AE063E05DE036E030E010232322394659
:1060600000200094FFF71EFB102324223946184617
:106070000094FFF717FB1023AFF24432394620207B
:106080000094FFF7A4FB10231B2239463020009414
:10609000FFF708FB10231C22394640200094FFF72D
:1060A00001FB102332A2009439465020FFF78FFBEA
:1060B0006D1CEDB2032DFFF401AF32E210232EA2CE
:1060C000CDF8008003E010232DA2CDF80080102130
:1060D0000020FFF77CFB10232BA220210020CDF80D
:1060E0000080FFF774FBB878062865D0072863D0D6
:1060F000CDE90069042320212820BA6BFFF730FB8B
:10610000B878082875D2DFE800F084767C8D957C1D
:106110009B9B10231EA2CDF80080D8E710231DA260
:10612000CDF80080D3E792E010231CA2CDF80080C8
:10613000CDE7000025000000434F323A0000000088
:1061400070706D004C696768743A00006C780000EC
:10615000536F696C3A0000000000C84250483A0092
:106160005448524553482045444954004C6F7700E9
:10617000486967680000000054656D700000000009
:1061800048756D69000000005345543A0000000056
:10619000434F32004C69676874000000536F696CAC
:1061A000480000001023E2A2CDF800808FE7102302
:1061B000E2A2CDF800808AE7388FCDE9006984B289
:1061C000B4FBFAF2022320212820FFF7C9FA10239A
:1061D0002E2220213820CDF80090FFF7F5F9B4FBEE
:1061E000FAF10AFB1142CDE9006902232021402087
:1061F00084E70EE099E11023AFF2B842CDF80080B9
:1062000022E01023AFF2D402CDF800801CE0FFF7AB
:10621000DEFA1023CCA230210020CDF80080FFF759
:10622000D6FA7EE11023AFF2E80220215020CDF80B
:106230000080ECE71023AFF2EC02CDF8008003E021
:106240001023C5A2CDF8008020215820DFE7C246E8
:10625000464610231F2200212020CDF80080FFF7A2
:1062600021FA10232022002130200096FFF71AFA8D
:1062700010232122002140200096FFF713FA10235B
:106280002222002150200096FFF70CFA0026B34985
:10629000487E304400F0FF09B9F10C0FC1D2300143
:1062A00088461030C97800F0FF0B894501D00127DE
:1062B00000E000271023AFF2945259460020CDF899
:1062C00000A0FFF784FAB9F10C0F75D2DFE809F0EE
:1062D00006102B3C4D5E67758EAEC3E61023A0A260
:1062E000594600200097FFF772FA18249D4816E0DF
:1062F00010232922594600200097FFF7D3F91023D5
:106300002A22594618460097FFF7CCF910232B2272
:10631000594620200097FFF7C5F9934830240078AC
:1063200000283BD1DBE010232C22594600200097A7
:10633000FFF7B8F910232D22594618460097FFF7AA
:10634000B1F920248948EAE710232E22594600207B
:106350000097FFF7A7F910232F22594618460097F8
:10636000FFF7A0F920248248D9E710232E225946AE
:1063700000200097FFF796F910233022594618465F
:106380000097FFF78FF920247A48C8E710237AA2F4
:10639000594600200097FFF71AFA20249DE01023A9
:1063A00077A2594600200097FFF711FA98F80500E8
:1063B0002024012871D092E092E010231A46594619
:1063C00000200097FFF76EF9102311225946184656
:1063D0000097FFF767F910231222594620200097F3
:1063E000FFF760F9302498F81B0053E010231322C4
:1063F000594600200097FFF755F9102314225946FB
:1064000018460097FFF74EF9102315225946202011
:106410000097FFF747F910231622594630200097BE
:10642000FFF740F94024B8F8300079E7102317222D
:10643000594600200097FFF735F9102318225946D6
:1064400018460097FFF72EF9B8F82C002024B0F575
:106450007A7F42D343E0102323225946002000973D
:10646000FFF720F910232422594618460097FFF71A
:1064700019F910232522594620200097FFF712F919
:1064800010232622594630200097FFF70BF9B8F861
:106490002E004024642820D921E01EE0102323226E
:1064A000594600200097FFF7FDF810232422594693
:1064B00018460097FFF7F6F81023AFF2847259469A
:1064C00020200097FFF783F9D8F84800302410F116
:1064D000FF4F04D22C49884201DC012500E0002551
:1064E000A046602C01D94FF060081023AFF29C3217
:1064F000594640460097FFF76AF908F10800C0B214
:10650000702800D9702000970DB1272200E02822C2
:1065100010235946FFF7C6F8761CF6B2032EFFF497
:10652000B6AEBDE8FC5FFFF71DB8BDE8FC9F0000FC
:10653000536F696C50485F4C6F770000536F696C04
:1065400050485F48696768004B333A53617665206D
:106550004B343A4261636B00704800000000002039
:106560004C4544006A0000206E0000206B000020B3
:106570006D0000206C0000204F4C454400000000DE
:106580005769466900000000000060412DE9F04FA6
:10659000C9B04FF0000ADDE954B8DDF848911F4654
:1065A00015460C460600CDF81CA109D044B13D4863
:1065B000854205D327B1539810B1BBF1780F03D2B0
:1065C000012049B0BDE8F08F402137A8FAF70DF956
:1065D0003846F9F7FBFF00903B4647AA402137A811
:1065E000FBF7B8FB482105A8FAF7FFF8B8F1000F50
:1065F00009D02DA08DE851002B462DA2482105A8D9
:10660000F9F776FE09E028A103968DE812022B46E1
:106610002DA2482105A8F9F76BFE402127A8FAF71B
:10662000E4F805A8F9F7D2FF074637A8F9F7CEFF37
:10663000014627A800903B4605AA37A801F07BF940
:10664000402117A8CDF81CA1FAF7CFF827A8F9F731
:10665000BDFF009027AB47AA402117A8FBF710FC0D
:1066600017A8FFF7E5F817A8B8F1000F0BD00EA197
:10667000CDE9021033461CA25946CDE90045539896
:10668000F9F736FE0BE008A20295CDE90320CDE92B
:1066900000493346224A59465398F9F729FE00200B
:1066A0008FE700009554415D736861310000000080
:1066B00025640A25730A70726F64756374732F25DD
:1066C000730A25730000000025640A25730A70729E
:1066D0006F64756374732F25732F646576696365C2
:1066E000732F25730A25730076657273696F6E3D8B
:1066F0002573267265733D70726F647563747325BC
:1067000025324625732665743D2564266D657468BB
:106710006F643D2573267369676E3D257300000025
:10672000CCC3000800B595B00020109011901290D5
:10673000139001A814900EA000900FA311A23A216B
:1067400001A8F9F7D5FD10A80090012314AA002193
:106750001420FEF7E3FA002807D1119881B21098AF
:10676000FBF79CFE10A8FEF787F815B000BD0000EF
:1067700053797374656D00004B67726236506B77A6
:1067800048710000247379732F25732F25732F749C
:1067900068696E672F70726F70657274792F736598
:1067A0007400000030B5B3B000242E9406A91CA2DA
:1067B0002F943094A020CDE90021CDE902040125D9
:1067C00019A33194244A25A127A0FFF7DFFE2EA8A4
:1067D000CDE904400120CDE90004030202940394B2
:1067E0000FA206A91DA0FEF78FF8B0B92F9881B2AD
:1067F0002E98FBF753FEFA20FBF778FD040009D032
:10680000FEF7DCFB022805D12046FEF715FB002829
:1068100000D800252EA8FEF72FF833B0284630BD4B
:1068200053797374656D00006347354B5445684474
:1068300063306848636B70324F45747351305A331C
:10684000525739736255564456444649576A5A500E
:1068500065466F3D0000000000CF9D744B6772627B
:1068600036506B7748710000323031382D31302D81
:106870003331000010B590B00446342102A8F9F776
:10688000B4FF92A12046F9F77DFE342102A8F9F762
:10689000ACFF944894A1027802A8F9F715FD02A96B
:1068A0002046F9F7FDFE342102A8F9F79EFF94482F
:1068B00094A1B0F9002002A8F9F706FD02A920462C
:1068C000F9F7EEFE342102A8F9F78FFF934894A15F
:1068D000028802A8F9F7F8FC02A92046F9F7E0FEC1
:1068E000342102A8F9F781FF944895A1027802A803
:1068F000F9F7EAFC02A92046F9F7D2FE342102A8F2
:10690000F9F773FF944895A1028802A8F9F7DCFC17
:1069100002A92046F9F7C4FE342102A8F9F765FF61
:10692000954896A1027802A8F9F7CEFC02A9204664
:10693000F9F7B6FE342102A8F9F757FF974898A156
:10694000028802A8F9F7C0FC02A92046F9F7A8FEC0
:10695000342102A8F9F749FF9A489BA1028802A8AE
:10696000F9F7B2FC02A92046F9F79AFE342102A8F1
:10697000F9F73BFF9D489EA1027802A8F9F7A4FC15
:1069800002A92046F9F78CFE342102A8F9F72DFF61
:106990009D489EA1028802A8F9F796FC02A920460C
:1069A000F9F77EFE342102A8F9F71FFF9D489EA14A
:1069B000028802A8F9F788FC02A92046F9F770FEC0
:1069C000342102A8F9F711FF9E489FA1028802A86E
:1069D000F9F77AFC02A92046F9F762FE342102A8F1
:1069E000F9F703FF9E48006802F0FEFECDE90001C2
:1069F0009CA2322102A8F9F77BFC02A92046F9F7F4
:106A00004FFE342102A8F9F7F0FE9D48007808B146
:106A10009CA200E09DA29FA102A8F9F755FC02A943
:106A20002046F9F73DFE342102A8F9F7DEFE9E4824
:106A3000007808B193A200E094A29CA102A8F9F703
:106A400043FC02A92046F9F72BFE342102A8F9F7EE
:106A5000CCFE9C48007808B18AA200E08BA29AA1E3
:106A600002A8F9F731FC02A92046F9F719FE3421F2
:106A700002A8F9F7BAFE9A48007808B181A200E0AE
:106A800082A298A102A8F9F71FFC02A92046F9F7F3
:106A900007FE342102A8F9F7A8FE9848007808B14B
:106AA00078A200E079A296A102A8F9F70DFC02A94C
:106AB0002046F9F7F5FD97A12046F9F7F1FD2046AC
:106AC000F9F784FD10B080B210BD00007B2269642C
:106AD000223A22313233222C22706172616D73228C
:106AE0003A7B00001A0000202254656D70223A7B28
:106AF0002276616C7565223A25647D2C00000000C9
:106B0000220000202254656D705F7468223A7B2257
:106B100076616C7565223A25647D2C002400002086
:106B200022434F325F70706D5F7468223A7B227629
:106B3000616C7565223A25647D2C000007000020F9
:106B40002248756D695F7468223A7B2276616C75A4
:106B500065223A25647D2C0026000020224C6967BE
:106B600068745F7468223A7B2276616C7565223A9C
:106B700025647D2C000000000800002022536F696E
:106B80006C5F48756D695F7468223A7B2276616C30
:106B90007565223A25647D2C000000002A00002043
:106BA00022536F696C5F70685F686967685F7831EE
:106BB0003030223A7B2276616C7565223A25647DFD
:106BC0002C0000002800002022783130305F736FE5
:106BD000696C5F70685F6C6F77223A7B2276616CBC
:106BE0007565223A25647D2C000000001B00002002
:106BF0002248756D69223A7B2276616C7565223A6E
:106C000025647D2C000000002C000020224C6967C8
:106C10006874223A7B2276616C7565223A25647D20
:106C20002C0000002E00002022536F696C5F487515
:106C30006D69223A7B2276616C7565223A25647D06
:106C40002C0000003000002022434F325F70706D36
:106C5000223A7B2276616C7565223A25647D2C0090
:106C60004800002022536F696C5F7068223A7B22D3
:106C700076616C7565223A252E32667D2C00000007
:106C800014000020747275650000000066616C736A
:106C9000650000002246616E223A7B2276616C75A7
:106CA00065223A25737D2C0015000020224D697362
:106CB00074223A7B2276616C7565223A25737D2CAD
:106CC00000000000160000202250756D70223A7BF3
:106CD0002276616C7565223A25737D2C00000000D8
:106CE000130000202242454550223A7B2276616CF7
:106CF0007565223A25737D2C0000000012000020EB
:106D0000224C4544223A7B2276616C7565223A25F5
:106D1000737D00007D7D00002DE9F04F8DB00025D2
:106D2000074603950495ADF81450ADF818508DF84A
:106D30001C502C46FEF742F90646032804D0042EC8
:106D40007ED0092E7DD1D7E0774A07A906A88DE825
:106D5000070003AB05AA04A93846FEF77BF8040038
:106D600070D1039800F076FD019000286AD06FA1E1
:106D700000F054FD0090002865D06EA100F04EFD9B
:106D800007466DA1009800F049FD82466BA100986E
:106D900000F044FD83466BA1009800F03FFD0C908D
:106DA0006AA1009800F03AFD0B906AA1009800F0EB
:106DB00035FD814669A1009800F030FD0A9069A177
:106DC000009800F02BFD099069A1009800F026FDC5
:106DD00008906AA1009800F021FD02906BA1009834
:106DE00000F01CFD80466EA1009800F017FD47EAF8
:106DF0000A020C9942EA0B020A430B996D4B0A43B3
:106E00004FF0010100D01970DDF828C049EA0C02EA
:106E1000DDF824C042EA0C02DDF820C042EA0C0290
:106E2000DDF808C042EA0C0242EA0802024300D040
:106E30001D7027B1FB68604A012B4FD0157003E02D
:106E400056E05DE05EE045E0BAF1000F05D0DAF80B
:106E50000C305A4A012B43D01570BBF1000F05D0FE
:106E6000DBF80C30564A012B3CD015700C9A22B13D
:106E7000D368544A012B37D015700B9A22B1D368CE
:106E8000514A012B32D01570B9F1000F03D04F4A8F
:106E900099F8141011700A9911B14D4A898A11801C
:106EA000099911B14B4A898A1180089911B14A4A4E
:106EB000898A1180029911B1484A097D1170B8F18F
:106EC000000F03D0464AB8F81410118010B145499C
:106ED000808A0880019800F07DFC13E01170AEE715
:106EE0001170BAE71170C1E71170C6E71170CBE7F6
:106EF0003846FEF757F828B13846FEF78FF808B144
:106F00004FF0FF34FBF7DAF9641C09D00F2E01D0E3
:106F1000032E05D10498F9F7A2F90398F9F79FF920
:106F20000DB0BDE8F08F00007E000020706172613E
:106F30006D7300004C45440046616E004D697374EA
:106F40000000000050756D70000000004245455083
:106F50000000000048756D695F74680054656D70CD
:106F60005F746800434F325F70706D5F746800003B
:106F70004C696768745F746800000000536F696C47
:106F80005F48756D695F74680000000078313030CB
:106F90005F736F696C5F70685F6C6F7700000000F3
:106FA000536F696C5F70685F686967685F783130DC
:106FB000300000000F00002012000020140000200C
:106FC00015000020160000201300002007000020FC
:106FD00022000020240000202600002008000020BD
:106FE000280000202A00002030B5ADF5057D0020E6
:106FF000819082908390044684904FF4007101A8A0
:10700000F9F7F3FB01A8FFF735FC05001ED081A8B6
:10701000009000232AB20FA110A0FDF753FE002814
:1070200014D101A8AC4209D2015DDDE98123D1541C
:107030008299491C641CA4B28291F3E7829881B2C0
:107040008198FBF72BFA81A8FDF716FC0DF5057D5D
:1070500030BD000053797374656D00004B67726238
:1070600036506B77487100000A4810B581790129C4
:1070700005D100218171FFF7B7FFFBF71FF9012050
:10708000FBF734F9002803D0BDE81040FFF744BEF9
:1070900010BD00000000002005210420FAF7DABC32
:1070A00070B500252C46FFF7F7FF02F013FD2946C7
:1070B00002F0C6FB05460520FBF764FD641CE4B244
:1070C0000A2CF0D30C49284602F022FC0B4902F0AE
:1070D0001FFC0B4902F012FD0A4902F00FFD0A499C
:1070E00002F0AEFB0949884201DD084670BD10F18F
:1070F000FF4FFBD3002070BD0000204100F07F4512
:10710000333353409621B8C0643B85410000604151
:1071100010B5044602464FF400510348FBF72FFE1A
:107120000248047010BD0000000C01406C000020FB
:107130007047000010B5044602464FF480410348F2
:10714000FBF71DFE0248047010BD0000000C01405A
:107150006D0000207047000070B5FBF715FE184D5C
:107160000446E86B201A642808D3EC6300F02CF87E
:10717000E885FFF795FFA864FAF782FD286C201ACE
:10718000B0F5967F0CD32C64FDF740FBA8850D4825
:10719000007818B10A483030FAF74AFFFAF770FD64
:1071A000686C201AB0F5FA6F09D305496C641B317D
:1071B000481EFBF73EF8BDE87040FAF761BD70BDB0
:1071C000000000206100002010B500F01DF840F222
:1071D000726240F63D11904201DA104604E0B0F5CB
:1071E0007B6F01DB40F6AF706FF06302A0F6AF700B
:1071F000504390FBF1F0002801DA002002E06428FF
:1072000000DD642080B210BD70B500252C4605213C
:107210000220FAF71FFC05440520FBF7B3FC641CB1
:10722000E4B20A2CF3D30A20B5FBF0F080B270BDB3
:10723000FBF742BF30B593B028216846F9F7D5FA7D
:1072400014210AA8F9F7D1FA002401210F9410940F
:107250000804CDE9001011941294029402250491BF
:10726000CDE907504FF4E01009906846FCF764F947
:1072700008B172B6FEE70F20CDE90A054FF4806031
:10728000CDE90C4002210AA80E94FCF773F808B16E
:1072900072B6FEE74FF4004011900F950FA8FBF770
:1072A000F5FF002801D072B6FEE713B030BD70477D
:1072B00030B50C4BCCB28AB2082806D2DFE800F019
:1072C000050406080A0C0E10598430BDDC7130BD6F
:1072D0009A8430BDDA8430BD1C7230BD1A8530BD51
:1072E0005A8530BD00000020062807D0072805D0A9
:1072F000032805D0042805D00120704705207047D9
:10730000322070470A2070470148FCF7D2BB0000CA
:1073100004010020F0B50268194C1A4D1A4E4FF0C6
:107320008047A04205D0B84203D0A84201D0B04265
:1073300003D122F070034A681A43A04205D0B84234
:1073400003D0A84201D0B04203D122F44073CA68EE
:107350001A434B6922F080021A4302608A68C262B3
:107360000A688262A04201D1096901630121416179
:107370000169C90703D0016921F001010161F0BD74
:10738000002C0140000400400008004010B5846853
:1073900042EA032224F47F440A432243826010BD60
:1073A000826822F070020A4342F007018160704750
:1073B00010B5046A036A23F001030362836923F0B2
:1073C000F00343EA021324F00A020A4383610262D3
:1073D00010BD10B5036A046A24F0100404628469C5
:1073E00023F0A00324F4704444EA023243EA01117A
:1073F0008261016210BD10B5406A0021C185C1845F
:10740000FCF76EFC10BD01680C3151E8002F22F42E
:10741000907241E80023002BF5D10168143151E846
:10742000002F22F0010241E80023002BF5D1016B6F
:10743000012909D101680C3151E8002F22F0100216
:1074400041E80023002BF5D1202180F842100021D3
:107450000163704708B590F84210222901D002203C
:1074600008BD81684FF48053994201D1026922B16D
:10747000826A99421BD049B10AE00268816A526867
:10748000C2F308020A80816A891C08E0016971B1AF
:107490000168496801F07F011170816A491C8162AD
:1074A000C18D491E0904090CC18503D01BE0016888
:1074B0004968F1E70168CA6822F02002CA600168E1
:1074C000CA6822F48072CA6001684A6922F0010227
:1074D0004A61202180F8421000214163026B012A99
:1074E00003D0FCF7E3FD002008BD016301680C3107
:1074F00051E8002F22F0100241E80023002BF5D1C3
:1075000001680A68D20602D50A6849680091818D2F
:10751000FCF7D4FBE7E7000070B50446006801699A
:10752000E26821F4405111430161A16820690143DF
:10753000606901432068C26841F20C639A430A43C0
:10754000C26020684169A26921F440711143416120
:107550001E492068884202D1FBF7B8FF01E0FBF723
:10756000A5FF00EBC00101EB001160686422800000
:10757000B1FBF0F3B3FBF2F36FF018067343B1FB0A
:10758000F0F5B1FBF0F605EB8305322303EB0515AF
:10759000B5FBF2F5B6FBF2F605F0F00505EB0615C6
:1075A000B1FBF0F6B1FBF0F0B0FBF2F06FF01801B8
:1075B000484306EB800003EB0010B0FBF2F02168BB
:1075C00000F00F002844886070BD000000380140C2
:1075D00081628285C28500214164222180F84210A7
:1075E000016921B10168CA6842F48072CA60016809
:1075F0004A6942F001024A610068C16841F0200115
:10760000C160002070472DE9F8431F4690460D46A3
:107610000446089E23E0701C21D0FBF7B5FBC01B7D
:10762000B0421AD8CEB12068C168490717D5802D5D
:1076300015D0402D13D00168C94309070FD4016844
:107640000025406800902046FFF7DDFE08206064BA
:1076500084F840500120BDE8F8830320FBE7206850
:10766000006835EA000004D000204045D3D0002057
:10767000F1E70120F9E700000148FCF733BB000007
:107680004C0100200148FCF72DBB000094010020B4
:10769000FEE7490050EAC12018BF04204A0D18BF78
:1076A00040F0010040F2FF72B2EB515F08BF40F0C2
:1076B0000200012808BF052070470907090E0028AD
:1076C00004DB00F1E02080F80014704700F00F00A8
:1076D00000F1E02080F8141D70472DE9F0414F1EA5
:1076E00000EBC7010446D1E9000115461E4637F0FC
:1076F00006020DD02A46334601F066FD7F1E04EBDC
:10770000C703D3E9002301F09BFA37F00602F1D159
:10771000022F25D0042F13D0062F18BFBDE8F0810B
:107720002A46334601F050FDD4E90A2301F088FAD5
:107730002A46334601F048FDD4E9082301F080FAD7
:107740002A46334601F040FDD4E9062301F078FAD9
:107750002A46334601F038FDD4E9042301F070FADB
:107760002A46334601F030FDD4E9022301F068FADD
:107770002A46334601F028FDD4E90023BDE8F04154
:1077800001F05EBA002213461046014901F014BB15
:107790000000F03F01F054BA002213461046114693
:1077A00001F00ABB40F2013200204FF0E04102F04C
:1077B0001ABB0000024A0020110702F014BB0000AF
:1077C00001FDFFFF30380A2801D201207047002058
:1077D0007047000070B504460F4E19E0A089256877
:1077E000C0050AD4A06820B1FFF7F4FFA089C00546
:1077F00003D4206908B171688847A089800503D443
:10780000206A08B1716888477168204688472C460D
:10781000002CE3D170BD00007000002070B50D4653
:10782000846800E024682CB12946206A00F046F8FC
:107830000028F7D1204670BD054910B509682820F9
:107840008847040002D02821F8F7CFFF204610BD5A
:107850007000002000221146AFF300802DE9F041B6
:1078600090460E460446FFF7E7FF134F05004FF022
:107870000000B86015D0204601F086F90146284680
:1078800000F054FB04000FD0B8F1000F10D02046D8
:1078900001F07AF90446007850B12846FFF79AFFC4
:1078A000BC600020BDE8F0812846FFF793FFF8E7B1
:1078B00006B134602846F5E77000002070B504007A
:1078C0000D4601D00DB108E009B1012070BD0020C6
:1078D00070BD0028FCD0641C6D1C2078F8F7E6FC15
:1078E00006462878F8F7E2FC86422078F1D0F8F7CF
:1078F000DDFC04462878F8F7D9FC201A70BD70B575
:10790000044601EA0205142803DA8B4385EA0300E2
:1079100070BD81EA02065E40282C01DA304670BD57
:107920003C2C05DA194069401A4082EA010070BD1A
:107930005028F3DB70BD2DE9F047ADF2945D1F4692
:107940000B46402492460021DDF8B4654FF036091D
:107950004FF05C080A460DF2D4456A54491C402990
:10796000FBDBA34213D00ADD3246194601F022F8B0
:107970000020315C2954401C1428FADB0EE0002161
:1079800002E0425C6A54491C9942FADB06E000219D
:1079900002E0425C6A54491CA142FADB00200DF26D
:1079A00014512A5C82EA09020A54401C4028F8DB80
:1079B00000206A460B5C1354401C4028FADB002070
:1079C00005E01AF800101318401C83F84010B84264
:1079D000F7DB39193246684600F0ECFF00200DF263
:1079E0005452295C81EA08011154401C4028F8DBFC
:1079F00000200DF59061135C0B54401C4028FADB0D
:107A000000200B18325C401C83F840201428F8DB5F
:107A1000324604F114010DF5906000F0CBFF0DF239
:107A2000945DBDE8F08700000146142801DA07489C
:107A30007047282901DA064870473C2901DA0548D1
:107A400070475028FCDA0448704700009979825A40
:107A5000A1EBD96EDCBC1B8FD6C162CAFBF734FB2D
:107A6000FFF7E8FBFDF718FBFDF782FBFDF7ECFAEB
:107A7000FDF7EEFBFDF7D0FBFDF79AFBFAF712F8E6
:107A8000FCF7FAFCFFF768FBFDF73AFFFFF7ECFAAB
:107A9000F6E700002DE9F041074608781E4E5B2806
:107AA00001D0B16032E00520F860481C01F06CF8AC
:107AB000044600785D282CD0FFF7BEFE0500B860B4
:107AC00025D0204601F060F80146284600F02EFA45
:107AD00001F05AF804001AD011E0FFF7ADFE0028BB
:107AE00015D0286045600546601C01F04DF8014640
:107AF000284600F01BFA01F047F8040006D0207871
:107B00002C28EAD020785D2803D0B4600020BDE89E
:107B1000F081601CFBE70000700000200178A1F1FB
:107B20003002092A01D811460AE0A1F14102052AD2
:107B300001D8373904E0A1F16102052A3FD857394D
:107B40000A0110F8011FA1F13003092B01D8303AC6
:107B50000AE0A1F14103052B01D8373A04E0A1F175
:107B60006103052B2BD8573A11440A0110F8011F65
:107B7000A1F13003092B01D8303A0AE0A1F1410309
:107B8000052B01D8373A04E0A1F16103052B16D883
:107B9000573A114440780901A0F13002092A01D86E
:107BA000303904E0A0F14102052A02D837390844EF
:107BB0007047A0F16102052A01D85739F7E7002084
:107BC000704700002DE9F34F002583B00C46504963
:107BD0000120CDE90051029020782E462F46A8467C
:107BE000A9462D2804D100204A49641CCDE9000192
:107BF0002078302800D1641C20783138082816D825
:107C000014F8010B303801F08CFA82468B460022C2
:107C1000414B2846314601F0D7FA52465B4601F007
:107C20000FF8054620780E4630380928E8D9207824
:107C30002E2824D16078302841D339283FD8641CBD
:107C400014F8010B303801F06CFA82468B460022A2
:107C5000314B2846314601F0B7FA52465B4600F0F8
:107C6000EFFF05460E460022294B3846414601F0FB
:107C7000D1FC07462078884630380928E0D920789A
:107C8000652801D045281AD114F8010F2B2802D0FD
:107C90002D2810D000E0641C6FF02F022078A0F196
:107CA000300109290BD809EB890102EB410100EBF6
:107CB0000109641CF2E74FF0FF300290EBE70299F4
:107CC00009FB01F001F02DFA3A46434600F0B8FFF7
:107CD00002460B460020104900F082F9074688460C
:107CE000DDE900012A46334601F06EFA43463A4682
:107CF00001F06AFA039AC2E9060101F0B5F90399A5
:107D0000486103980321C16005B02046BDE8F08FAB
:107D10000000F03F0000F0BF000024402DE9F041DA
:107D200007460878294E7B2801D0B16030E0062054
:107D3000F860481C00F028FF054600787D2843D0F5
:107D4000FFF77AFD0400B86023D0284600F01CFF3E
:107D50000146204600F03CF800F016FF002818D03D
:107D60002169002721622AE0B06011E0401C00F088
:107D70000BFF0146204600F0D9F800F005FF050092
:107D800007D028782C2806D028787D281CD0B5600C
:107D90000020BDE8F081FFF74FFD0028F9D02060FA
:107DA00044600446681C00F0EFFE0146204600F0E7
:107DB0000FF800F0E9FE0028EBD02169216227616D
:107DC00001783A29D2D0CFE7681CE2E770000020A2
:107DD0002DE9F0470D464C1C814609780020514A98
:107DE000222906D09560BDE8F087641C5C2900D18B
:107DF000641C2178222902D009B1401CF5D11168F8
:107E0000401C88470700EED0681C3C464FF4806851
:107E100079E05C2903D004F8011B401C73E0461C88
:107E20004078722814D006DC622809D0662809D070
:107E30006E2808D10AE074280CD0752803D10BE015
:107E4000082000E00C2004F8010B5BE00A20FAE7B0
:107E50000D20F8E70920F6E7701CFFF75FFE0546E6
:107E6000A0F55C40361D40454CD3EDB3A5F5584018
:107E7000404513D270785C2844D1B078752841D140
:107E8000F01CFFF74BFEA0F55C41B61D414539D211
:107E9000C5F3090161F39F2000F580350421802D91
:107EA00001D2012108E0B5F5006F01D2022103E003
:107EB000B5F5803F00D20321601801291CD00229AA
:107EC00011D0032908D004291BD105F0BF0242F0CC
:107ED000800200F8012DAD0905F0BF0242F08002DA
:107EE00000F8012DAD0900E00CE005F0BF0242F002
:107EF000800200F8012DAD090B4A525C2A4300F8BC
:107F0000012D4418701C0178222901D0002980D14C
:107F1000002121700178222900D1401C0422C9E9E6
:107F2000032760E770000020CAC1000870B50C008C
:107F3000054620D0042223A12046F8F766FBE0B1D5
:107F4000052222A12046F8F760FBC8B1042221A136
:107F50002046F8F75AFBB8B12078222819D02D28EE
:107F600003D0A0F13001092919D821462846BDE8DF
:107F70007040FFF727BE002070BD0220E86006E0D9
:107F80000020E860601D70BD0120E8606861201D70
:107F900070BD21462846BDE87040FFF719BF5B2839
:107FA00004D07B2808D00D488460E4E721462846A9
:107FB000BDE87040FFF76EBD21462846BDE8704021
:107FC000FFF7ACBE6E756C6C0000000066616C73F0
:107FD00065000000747275650000000070000020EC
:107FE0002DE9F04D16460F4694B01C4621F0004195
:107FF00023F00042002814BF4FF0010C4FF0000C9A
:108000000CEB470CFE4B0CEB03054FEA630C65458C
:108010002BD3350018BF012505EB44051D44F94B52
:108020009D4222D3F84B52EA060C02D09F4205D162
:1080300048B914B000201946BDE8F08D002808BFEB
:108040004FF0000C01D04FF0010C0CEB470313F57F
:10805000001F0AD8002E14BF4FF0010C4FF0000C87
:108060000CEB440313F5001F07D914B03246234626
:108070003946BDE8F04DFFF78DBBDFF890834FF038
:10808000000A002FB8BF424523DAE14B9A42A8BF4D
:108090004FF0020A1DDADC4B93421ADCDD4B03EB96
:1080A0002253142B08DDC3F1340C26FA0CF303FA27
:1080B0000CFCB4450DD108E05EB9C3F1140C22FAF2
:1080C0000CF303FA0CFC944503D103F00103C3F154
:1080D000020A51EA00031BD1002C19DA002F18BF45
:1080E000BAF1020F02D0BAF1010F07D00220F8F75F
:1080F00006FC14B0BDE8F04DFFF744BB0220F8F7D2
:10810000FEFBFFF73FFB14B081F00041BDE8F08DAE
:10811000330070D1424525D107F1804212F580121B
:1081200001BF00280020B84914B008BFBDE8F08D99
:10813000B548884207DC002CA1BF1846214614B080
:10814000BDE8F08D07E0002CBFBF184684F0004169
:1081500014B0BDE8F08DB0497944D1E9000114B004
:10816000BDE8F08DDFF8A0C262452AD1002C24DAE8
:1081700039B1414517D1002804BF002002461CD167
:1081800006E040B10220F8F7BAFBFFF70BFB0A4606
:10819000394600F0D7BA9D4A394614B0002062F340
:1081A0001E01BDE8F08D08DA14B03B46BDE8F04D85
:1081B00002460020614600F0FFBD14B03946BDE81C
:1081C000F08D414517DAB4F1804F0CD0A4F1005383
:1081D000B3F1FF530FD13B1E0DDB14B01946BDE8C0
:1081E000F04D00F0DBBC3B4614B00246BDE8F04D5C
:1081F000194600F0E9BF050027F000433AD1E1B18C
:10820000414537D1002F06DD002CA1BF002041469B
:1082100014B0BDE8F08D002F01DD002C1FDB002F16
:1082200016DA002C14DBBAF1010F4FF0000014BF76
:1082300076497A4914B0BDE8F08DBAF1020F18BF43
:10824000002F0CD0BAF1010F09D1002F07DA0BE093
:10825000002FB8BF002C0DDABAF1010F04D00020B6
:1082600014B00146BDE8F08D14B000204FF000417D
:10827000BDE8F08D4FF0010808EBE77CCDF814C0A5
:108280005CEA0A0C0DD0DFF898C162457EDDDFF8AC
:1082900094C1654B624512DD8B420ADB002C18DB72
:1082A00023E00120F8F72BFB14B0BDE8F04DFFF7F9
:1082B00073BA554A8A4202DC002C0ADC15E0994266
:1082C00002DA002C11DA04E04F4B994219DD002C40
:1082D0000BDD0220F8F713FBFFF764FA4B4A14B0EA
:1082E00061F31E021146BDE8F08D0220F8F707FB8E
:1082F000FFF760FA444A14B061F31E021146BDE86C
:10830000F08D0022394601F085F907460D466FF0E1
:10831000010201F068FD4FF05532444B01F088F83E
:108320003A462B4600F050FF0022414B01F080F806
:1083300080468B463A462B461046194600F044FFCD
:1083400042465B4600F040FF88460E904FF0C04228
:10835000384B3846294600F037FF83460091364AAD
:10836000344B41460E9800F02FFF80460191334A6E
:10837000334B3846294600F027FF4246019B01F067
:1083800049F90D4602460B460C9000E011E05846B4
:10839000009900F055FC002788465A463846009B55
:1083A00001F038F92B460C9A01F042F8024600F031
:1083B00079B90020B1F5801F07DA35222846194621
:1083C00001F011FD05466FF0340000EB2150A0F2E2
:1083D000FF300190C1F3130040F07F6141F0405144
:1083E000029118498842D8BF4FF0000B35DD16497D
:1083F0008142C8BF4FF0010B2FDC4FF0000B25E08E
:10840000FFFF1F00FFFF0F000000F03F0000F07FA4
:108410000000404301FCFFFFD44100000000F0FFDA
:108420000000E0410000F043FFFFEF3F5555D53F0E
:108430000000E03F4715F73FFE822B6544DF5DF803
:108440000BAE543E8E9803007AB60B000198401C88
:1084500001900298A0F580100290FF48029978449C
:1084600000EBCB000991D0E9002328460B93129230
:1084700001F0D0F800910A9028460B9B129A0999B6
:1084800000F0DEFB02460B460020F44900F094FCAD
:10849000CDE90C010B46024600990A9800F094FEC3
:1084A0000690EF48884600277844029900681090AB
:1084B0004FF0005040EA610000EB8B4000F50021D6
:1084C00002910B9B129A109801F0A4F82A46099B7E
:1084D00000F0AEFF3A46434600F076FE0891129057
:1084E00038464146029B109A00F06EFE009B0A9AA5
:1084F00000F09EFF089B129A01F08CF8DDE90C2336
:1085000000F062FE0B91069A1290434610461946FF
:1085100000F05AFE05460246D2480B460A91062153
:108520007844FFF7DAF80A9B2A4608910290104631
:10853000194600F049FE089B029A00F045FE0546E8
:108540000991434638461946069A00F079FB0B9B81
:10855000129A00F039FE2A46099B00F071FBCDE922
:1085600008013A4643461046194600F02DFE0A918E
:108570000022BD4B009000F063FBDDE9082300F012
:108580005FFB0D463A46B84B384601F043F80A9B6C
:10859000009A01F03FF8DDE9082300F049FFCDE93A
:1085A00008013A462B461046414600F00DFE009168
:1085B0000A90DDE908014346069A00F005FE0690A0
:1085C00088462B463A460B99129800F0FDFD43462B
:1085D000069A00F035FB80460B4602460D91009945
:1085E0000A9800F02DFB00200F460546009B0A9AD2
:1085F00001F010F842460D9B00F01AFF88460E90DD
:108600004FF06042994B2846394600F0DDFD02915B
:108610000090974A954B41460E9800F0D5FD804654
:108620000391944A944B2846394600F0CDFD4246CA
:10863000039B00F005FB914A7A4402EBCB03D3E99C
:10864000002300F0FDFA05460791019800F069FD4E
:108650000C9003912A46079B0299009800F0F0FACB
:10866000874A7A4402EBCB03D3E900239346019374
:1086700000F0E6FA039B0C9A00F0E2FA0027884625
:108680003846039B0C9A00F0C5FF5A46019B00F048
:10869000C1FF029B009A00F0BDFF2A46079B00F035
:1086A000C7FE02460020069005986C4DAAF1010312
:1086B000184301D1734D069000200B4604903046BC
:1086C000214600F081FD82468B46234630461946FE
:1086D000049A00F09FFF3A46434600F075FD52466B
:1086E0005B4600F0ADFA06468A463A4643462146C6
:1086F000049800F069FD04460F463246534600F0E8
:108700009FFA614A8B46914221DBABEB020353EAAD
:10871000000210D122463B4600F07CFF80460391C8
:108720005A4A5B4B3046514600F08AFA4246039B58
:1087300000F048FE27D20220F8F7E1F8FFF732F800
:108740000A46294614B062F31E01BDE8F08D514B74
:108750002BF000429A4216D34F4A0BEB020353EA26
:10876000000208D122463B4600F054FF32465346F1
:1087700000F028FE07D80220F8F7C1F8FFF71AF832
:108780000A462946DEE72BF000404449444A01EB03
:1087900020514FF00008824223DA481C4FF4801128
:1087A00021FA00F058443F4AC0F30A517A443E4B44
:1087B000A1F2FF31CB4020EA0303C0F3130040F4E1
:1087C000801CC1F1140012682CFA00F8BBF1000FF4
:1087D000B8BFC8F100082046394600F01BFF044628
:1087E0000F4622463B463046514600F029FA4FF0EC
:1087F000000B5A462D4B5846039100F0E5FC0091C2
:108800000A902B4A2B4B5846039900F0DDFC04914B
:10881000029022463B465846039900F0FBFE324642
:10882000534600F005FE244A244B00F0CDFC049B87
:10883000029A00F005FA07468A46009B0A9A00F061
:10884000FFF904460E46009B0A9A00F0E3FE3A4602
:10885000534600F0EDFD33E0463E00000000F03FDF
:10886000843E0000B43D00000000084009C7EE3F10
:10887000FD033ADCF5015B14E02F3EBE8C3C0000AA
:10888000523C00000000F0BF00009040FE822B65CB
:108890004715973C00CC904000346F3F01FCFFFF30
:1088A0000000E03F803B0000FFFF0F00432EE63F4B
:1088B000396CA80C615C20BEEF39FAFE422EE63F0F
:1088C0000746224633460F911046194600F07CFCBD
:1088D000834602462E488A460B4605217844FEF719
:1088E000FCFE5A46534600F06FFC2246334600F029
:1088F0009FFD82468B463A46204631460F9B00F04C
:1089000063FC3A460F9B00F09BF90F460A90002249
:108910004FF080435046594600F07CFE0391009092
:1089200052465B462046314600F04EFC039B009ABF
:1089300000F042FA3B460A9A00F06CFE22463346AB
:1089400000F068FE0022134B00F072FD0E46044654
:1089500001EB08510815002810DC4246204631463C
:1089600001F041FAFEF795FE042808BFFEF722FF4A
:1089700042462046314601F036FA044606980B4638
:1089800014B022462946BDE8F04D00F01DBC0000A1
:10899000283A00000000F03F30B5C0F1200301226A
:1089A0009A400546521E01EA0200A8409143D94070
:1089B000084330BD2DE9F74F154601F10902D317E1
:1089C00002EB93639C11D7B023F03F03C800D21A87
:1089D0005094002A01DD621C50920A46002402E0F5
:1089E000579B9C54521C509BB2EB831FF8DB579A49
:1089F0008023DFF888815354509A5799DFF880A17B
:108A000001EB8211020A01F8010C01F8022C020CA0
:108A100001F8032C000E01F8040C6FEA08066FEA57
:108A20000A09DFF860B100206DE0002480016F4684
:108A3000519002E0102C16D25198579900EB840007
:108A4000095C090647F82410579A1044427801EB54
:108A5000024147F82410827801EB022147F82410E4
:108A6000C078084411E0502C11D207EB840050F874
:108A70000C1C50F8202C514050F8382C50F8400C69
:108A8000424051400120FFF787FF47F82400641C53
:108A9000502CCFD3CDE95269CDF858B10024CDF890
:108AA00044A1CDF8508105205499FFF775FF0DF5CD
:108AB000A27C07469CE80E002046FEF720FF569950
:108AC000384442182046FEF7AFFF5DF824101044EA
:108AD0000F1853985690529853901E205199FFF7B3
:108AE0005BFF52905498641C54975190502CDAD3E9
:108AF000519952988A4453990644894456995598F5
:108B0000B8448B44401C5590509988428DDB85F8C1
:108B100003804FEA1820A8704FEA184068704FEAA7
:108B20001860287085F807A04FEA1A20A8714FEA4C
:108B30001A4068714FEA1A602871EE72300AA87202
:108B4000300C6872300E287285F80F904FEA1920A9
:108B5000A8734FEA194068734FEA1960287385F8C3
:108B600013B04FEA1B20A8744FEA1B4068744FEA09
:108B70001B6028745AB0BDE8F08F000001234567E0
:108B800089ABCDEFF0E1D2C300E0401C002804D057
:108B90000178002901D02029F7D970472DE9F0414B
:108BA00006460F4600F050FC04000D4618BF012099
:108BB000284320F00040C0F17F6000F1E040C00F8A
:108BC0000ED0301C18BF0120384320F00040C0F107
:108BD0007F6000F1E040C00F04BF0120F7F78FFE77
:108BE00020462946BDE8F08110B500290AD0087852
:108BF000002807D005487844F8F7A4FA002801D0E7
:108C0000002010BD0248784410BD00003E3800002E
:108C10003638000010B500290AD00878002807D09F
:108C200005487844F8F78EFA002801D0002010BDDE
:108C30000248784410BD0000223900001A390000B3
:108C400010B591EA030F48BF83F0004300F1EA84B6
:108C5000841A71EB030C05D2121943EB0C03001BB1
:108C600061EB0C01DFF824E14FEA1154A4EB135C33
:108C70001EEA430F18BF9EEA445F73D023EA0E0337
:108C8000DCF1200E21EA045143F4801332D322FA9E
:108C90000CFE10EB0E0023FA0CFE41EB0E01CCF1A2
:108CA000200E03FA0EFE10EB0E0051F10001B1F59B
:108CB000801FCCF1200E32D201EB045112FA0EF2D9
:108CC000BDE8104058BF7047401C38BF5FEA420201
:108CD00018BF7047002814BF20F0010041F10001C7
:108CE0004FEA410313F5001F38BF7047A1F1C0419F
:108CF00000F062BB012A43EB0302ACF1200CDCF173
:108D00001F0E32BF4FF0000E23FA0CF310EB0300DE
:108D100041EB0451B4EB115FD0D0A1EB045101F54C
:108D2000801149085FEA300001EB04510ED350F185
:108D3000000038BF12FA0EFE08D1BDE81040C9E7A6
:108D4000401C38BF5FEA4202CAD1C3E7BDE8104009
:108D50004FEA410313F5001F38BF7047A1F1C0412E
:108D600000F02ABB9EEA445F08D011EA5E0FBDE81E
:108D7000104004BF01F0004100207047BDE81040E2
:108D800070B500F0CBFA00BF64FBBE3E0000E0FF10
:108D900002494FF0000000F0F4BF00BF0000F87F70
:108DA000491058BFC1F140415B1058BFC3F1404367
:108DB0008B42EFF3008070472DE9C04130B4DFF8FB
:108DC000A0C23CEA111418BF3CEA131400F0EC8076
:108DD00081EA03051CEA111444EAD57418BF1CEAA1
:108DE000131500F0C780A4EB05044FF0004545EAD9
:108DF000C12145EAC32341EA505143EA525304F1E9
:108E00007F74994204F500344FEAC0204FEAC22231
:108E100008BF904200F09C804FEA13650FF24016A5
:108E2000765D4FEA134506FB05F7C7F1807706FB31
:108E300007F74FEAD737A7FB03687642C8F58038B3
:108E4000A7FB06CE38BFA8F1010807FB08E64FF0E4
:108E5000000EA6FB028CE6FB03CEDCF1000CCEF18B
:108E6000004E38BFAEF1010EA6FB0C584FF00007C4
:108E70004FF00005E6FB0E87A1FB08C6A0FB07CE5E
:108E800016EB0E0645F10005E1FB076515F1E04E16
:108E90007EBFA4F580345FEA46066D4116F1800777
:108EA00045F100054FEA17274FEA066647EA0567CE
:108EB000A6F1DE46B6F1805F4FEA15251FD9384688
:108EC00024F0010C05EBC471BCF1FE6F01EB0C1139
:108ED00002D8F0BCBDE8008124425CBF01F5801ED1
:108EE0009EEAC47F02D4F0BCBDE80081244238D49D
:108EF000F0BCA1F1C041BDE8004100F05DBA4FEA0D
:108F0000D22242EA43524FEAD323A7FB02864FEA1A
:108F1000D02040EA415007FB03661EEA0E0F4FEADD
:108F2000D12105FB026658BFA6EB0056B6EB0056F2
:108F30004FEA520E4EEAC37E18EB0E0E56EB530E5E
:108F4000BDD518EB02085E417F1C55F10005B6E760
:108F50004FF480154FF000074FF000064FF0000867
:108F6000ADE7F0BC4FF0000001F1C04101F000415D
:108F7000BDE8008111EA0C1F0CEA131500D00CE0CB
:108F800013EA0C1F00F025804FF00000F0BC81EACE
:108F9000030101F00041BDE80081F0BCBDE80041E3
:108FA00081EA030100F008BAF0BCBDE8004170B5E9
:108FB00000F0B4F9097EFC3E00F007B881EA030135
:108FC0004FF0000001F00041704781EA030100F01A
:108FD000F3B9F0BCBDE800414FF0000021497047F3
:108FE000FFFDFBF9F7F5F4F2F0EEEDEBE9E8E6E46E
:108FF000E3E1E0DEDDDBDAD8D7D5D4D3D1D0CFCDF5
:10900000CCCBCAC8C7C6C5C4C2C1C0BFBEBDBCBB2D
:10901000BAB9B8B7B6B5B4B3B2B1B0AFAEADACAB28
:10902000AAA9A8A8A7A6A5A4A3A3A2A1A09F9F9E02
:109030009D9C9C9B9A9999989797969595949393B4
:10904000929191908F8F8E8E8D8C8C8B8B8A89894B
:1090500088888787868585848483838282818180CE
:109060000000FF070000F87F4FEA41034FEA535327
:10907000A3F58063D3F11E03C8BFD3F1210C0CDD2F
:109080004FF0004242EAC12242EA505232FA03FC57
:109090008CEAE17CACEBE1707047102BC4BF002080
:1090A000704703F5787CBCF1FF3F04D06FF00042BD
:1090B00082EA2100704770B500F030F949922480AF
:1090C00000207047F2E700004FEA1153A3F58063D8
:1090D000D3F11E03A8BFD3F1200C08DB4FF00042F0
:1090E00042EAC12252EA505232FA03F07047094272
:1090F0000BD4102BC4BF0020704703F5787CBCF163
:10910000FF3F05D04FF0FF3070474FF00000704731
:1091100070B500F003F900BF499224800020704729
:10912000F0E710F0004248BF4042B0FA80F310FA76
:1091300003F10AD0C3F11D0303F580634FEA4150E8
:1091400002EB035202EBD12170474FF00000704751
:1091500051EA030C17D41CF5801F58BFBCF5801FC3
:1091600000F10680994218BF704708BF90427047CF
:1091700007D711F5801F58BF13F5801F19D49942E6
:109180007047894270471CF5801F08D5BCF5801FC9
:10919000F7D58B4218BF704708BF824270474FF423
:1091A000001C1CEB410F38BF1CEB430F01D28B425C
:1091B000704770B500F0B2F8922449004FF00051AA
:1091C0004FF08053FFF7ECBDDFF848C170B51CEAE3
:1091D000111E1EBF1CEA13159EEA0C0F95EA0C0F18
:1091E00000F06F8081EA030423EA4C134EEAD47E38
:1091F00021EA4C1141F4801143F48013AE44A1FBE9
:10920000024CA0FB0365AEF17F7E361955EB0C05D1
:10921000A1FB034C4CF10003A0FB021C16EB0C0657
:10922000654153F10003094218BF46F0010613F4EB
:10923000007F0BD14FEA03314FEA0530340341EA96
:10924000155140EA16506FF003020AE04FEAC321BD
:109250004FEAC520F40241EA555140EA56506FF0FA
:10926000020202EB2E4201EB025585EACE710AD0D2
:109270005FEA440C18BF24F0004450F1000041F1B3
:10928000000120EAD47040F2FE7C624500D270BD3D
:10929000A84214BF4FF080444FF04044002E08BF56
:1092A0000024BEF1806FA8BFA1F1C041BDE87040AD
:1092B00080F282804FF0000001F1C04101F00041D6
:1092C00070479EEA0C0F0CEA131518BF95EA0C0FB5
:1092D00006D04FF0000081EA030E0EF0004170BD91
:1092E00000F01CF88900013E00F007B800F009B852
:1092F0004FEA430C5FEA5C5C08D081EA030100F0AE
:109300005BB84FEA410C5FEA5C5CF6D14FF00000BD
:10931000014970470000FF070000F87F0EF1020EC0
:109320002EF0030E5EF8046B364205D4012A43EB9F
:10933000030515F5001F12D8012841EB010C1CF59F
:10934000001F0CD80ED14FEAD17C15F5001F0CEB95
:109350004C0C0CF1020C08BF4CEBD37C04E04FF03A
:10936000080C01E04FEAD37C0CEB4C0526FA05F61D
:1093700006F00706B6F1040C06D20EEB860CBDE82B
:1093800070404CF0010C6047DFE80CF0090B020262
:109390004FF000414FF00000A1F5002170BD1946CB
:1093A0001046012851EB010418BFD4F5001484BF06
:1093B000002001F0004170BD0808A0F500114FEA3F
:1093C0003101704753EA010C17D41CF5801F58BFB8
:1093D000BCF5801F00F106808B4218BF704708BFA4
:1093E0008242704707D713F5801F58BF11F5801FC1
:1093F00019D48B4270479B4270471CF5801F08D5DB
:10940000BCF5801FF7D5994218BF704708BF90423E
:1094100070474FF4001C1CEB430F38BF1CEB410F8F
:1094200001D2994270470FB40CBC03BCFFF7C1BE18
:1094300091EA030F10B581F000413FF509AC83F0CC
:10944000004300F0EFB800002DE9F04101F5801C69
:10945000BCF5001FC0F2C3804FEA115C21EA0C5139
:109460000CF1FD0C41F480115FEA5C0C0CF5C07C42
:1094700001D3400049413DA4890241EA905187024D
:109480008E0E0A0CA45D04FB04F602FB06F6C6F180
:109490004046A4FB0662F60D46EA422606FB06F4A9
:1094A000A4FB01235242C3F1404338BF5B1EA6FB1D
:1094B00002420024E6FB0324D20B42EA4446A6FB08
:1094C0000623A1FB02E2A3FB07E4A4184FF000026D
:1094D00052F10002E3FB01426442C2F1404E38BF48
:1094E000AEF1010EA6FB04234FF00002E6FB0E32A4
:1094F000A2FB03464FF00004B61954F10004E2FB4E
:109500000264A1FB06E6A4FB07E816EB08064FF091
:10951000000858F10008E4FB01687642C8F14058A1
:1095200038BFA8F10108A2FB06E4A3FB08E52D194A
:109530004FF0000454F10004E2FB0854A1FB05E6DF
:10954000A7FB04E818EB06084FF0000656F10006EA
:10955000E1FB048618F1200556F10006A809A8F1E0
:109560001B08B10908F03F08B8F10A0F40EA86600D
:109570001CD901EB0C51BDE8F08100BFFCF5EEE811
:10958000E2DDD8D3CFCBC7C3C0BDB9B6B4B1AEACA2
:10959000A9A7A5A3A19F9D9B9A9896959392908F1A
:1095A0008D8C8B898887868584838281A0FB006867
:1095B00000FB01F208EB4208B8EB872807D5341806
:1095C00058EB0104D5D5401C51F10001D1E7341A04
:1095D00078EB0104CDD4401E71F10001C9E75FEAC8
:1095E0004C0C5FEA9C5C0DD105D34FF0000001F0FC
:1095F0000041BDE8F081BDE8F04170B5FFF78EFE97
:109600006DDBFFBEBDE8F0414FF000000049704740
:109610000000F87F10B591EA030F48BF83F00043C4
:109620003FF516AB841A71EB030C07D212198CF0BC
:10963000004C43EB0C03001B61EB0C01DFF8A4E1D1
:109640004FEA1154A4EB135C1EEA430F18BF9EEAC5
:10965000445F00F0B08023EA6E03524221EA0451D5
:10966000C3EB6E0338BF5B1EDCF1200E25D322FA5C
:109670000CFE10EB0E0043FA0CFE41EB0E01CCF198
:10968000200E03FA0EFE10EB0E0051F10001CCF19A
:10969000200E29D412FA0EF201EB0451BDE810405D
:1096A00058BF7047401C1CBFB2F1004F70470028E4
:1096B0000CBF491C20F00100704712EB020E43EB77
:1096C000030218BF4FF0010E4EEA4202ACF1200C2B
:1096D000DCF11E0E54D943FA0CFE10EB0E0051F1D2
:1096E000FF31CCF11E0ED5D50EF1010E12FA0EFE91
:1096F000404141EB010101EB445C5FEA5C5C10D945
:1097000010EBDE7001EB045138BFBEF1004FBDE835
:10971000104018BF704700280CBF491C20F0010002
:10972000704730D24FEAD42C11F5001124F40064B4
:109730001BD0B1FA81F20B3AA41AA41ED2F1200375
:10974000914030FA03F31943904001EBCC71002CA7
:1097500001EB0451BDE81040A8BF704701F1C041C2
:109760004FF0000001F000417047B0FA80F310FAAA
:1097700003F100D110BDE41A173C4805C90AE4E71B
:1097800001EB045110BD491001EB0451BDE810403C
:109790004FEA300002E04FF0000170474A0008BF76
:1097A0000042F8D0B2F5001F28BF704701F0004119
:1097B0004FF0000070479EEA445F07D011EA5E0F49
:1097C000BDE8104004BF002100207047BDE81040F4
:1097D00070B5FFF7A3FD00BF40DFF63E83F0004108
:1097E000104670470000E0FF43004FEAD30C4FEAF9
:1097F0003C0C43401FBF40070CF1605113F0FE4F7B
:1098000070471CF0006F03D100200CF0004170473E
:109810000CF0004343EA507010B540EACC0000F071
:10982000EEF900BF000000924FEA0001FFF7C4BD4F
:109830004FF000414FF00000A1F5002170470000FB
:1098400090EA010F48BF81F0004100F12A82421ADC
:109850003CBF801A89184FEAD0524FF07F4C1CEA67
:10986000410FA2EBD15318BF9CEA026F00F03B807E
:109870004FF0004C4CEA00204CEA012121FA03FC95
:1098800010EB0C0C1ED202F1FF325FEA1C2040EB01
:10989000C25038BF70471CF07F0F4FEA400C18BF12
:1098A000BCF17F4F38BF7047C3F12003994008BF18
:1098B00020F00100BCF17F4F38BF7047A0F1C040DD
:1098C00000F0E3B94FEA3C00000A40EBC25028BF69
:1098D0001CF0FF0F4FEA400CE6D018BFBCF17F4FE1
:1098E00038BF7047EAE79CEA026F05D010EA5C0FC8
:1098F00008BF00F00040704710B500F080F900BFCD
:1099000064FBBE3E014800F03CBA00BF0000C07FCF
:109910004FF47F0C1CEAD0121EBF1CEAD11392EA4E
:109920000C0F93EA0C0F00F0858090EA010F48BFFE
:1099300042F4807240F4000C41F400002CF07F41AE
:1099400020F07F4000B58142A2EB03020FF2081C19
:10995000ACEB504EC0F100009EF800E04FEA4E0E16
:1099600000FB0EFC38BF49004FEA2C1C02F5FA023E
:109970000CFB0EF34FEACE1E4FEA112C4FEAC12129
:109980000EEB635E42EB22420EFB0CFC4FEA1C53D3
:1099900000FB03114FEA112C4FEA01310EFB0CFCC6
:1099A0004FEADC4C00FB0C11C14228BF09184CEBFC
:1099B00003335DF804EB10EB410143EBC250B2F509
:1099C0007C0F38BF704729D512F0F00F1CBF00F193
:1099D000C04000F000407047008182838485868704
:1099E00088898B8C8D8E8F919293959697999A9C5E
:1099F0009D9FA0A2A3A5A7A8AAACAEB0B2B3B5B7CD
:109A0000B9BCBEC0C2C5C7C9CCCED1D4D7D9DCDFA2
:109A1000E2E6E9ECF0F3F7FAFE0000004FEA400C52
:109A20000CF1807CBCF17E4F28BF7047B0F1C04084
:109A300000F02BB990EA010F0CEAD11348BF42F4B1
:109A40008072624538BF634507D213F47F0F16D08A
:109A500080EA010000F00040704710B500F0CFF838
:109A6000097EFC3E00F005B880EA010000F00040ED
:109A7000704780EA010000F0004000F006B912F4DF
:109A80007F0F04BF0248704780EA010000F0FDB874
:109A90000000C07FC10DD1F19E0206DB4FEA00231A
:109AA00043F0004323FA02F07047004207D54FEA23
:109AB0004001B1F1FE4F02D24FF00000704710B5E7
:109AC00000F09DF849922480002070476FEA200042
:109AD00070470000B0FA80F310FA03F2C3F19D035F
:109AE0000AD0D90501EB1220530638BF704700F1A8
:109AF000010008BF20F00100704700004FF47F0C08
:109B00001CEAD0121EBF1CEAD11392EA0C0F93EA92
:109B10000C0F00F0478090EA010F48BF42F48072BA
:109B20004FF0004C4CEA00204CEA012102EB03020A
:109B3000A0FB0113A2F50002002918BF43F00103A6
:109B40005B0028BF4FEA330342EB22425FEA132C4B
:109B50004CEBC2502EBFBCEB436FB2F57C0F70478D
:109B60004FEA036CBCF1004F08BF20F00100B2F5D2
:109B70007C0F38BF70470BD582F0FF0212F5803F93
:109B8000C8BF704700F1C040D8BF00F00040704728
:109B900000F5000C5FEA4C0C48BF7047B0F1C040C4
:109BA00000F073B890EA010F0CEAD11348BF42F4F9
:109BB0008072624538BF634504D280EA010000F03C
:109BC0000040704710B500F01AF800BF8900013E50
:109BD00000F007B800F009B85FEA410C5FEA1C6CBE
:109BE00008D080EA010000F050B85FEA400C5FEA5C
:109BF0001C6CF6D14FF00040A0F5800070470EF1CC
:109C0000020E2EF0030E5EF8044B244204D44FEAF9
:109C10004102B2F17F4F11D84FEA4003B3F17F4FB9
:109C20000CD80ED14FEAD07CB2F17F4F0CEB4C0C2C
:109C30000CF1020C08BF4CEBD17C04E04FF0080C97
:109C400001E04FEAD17C0CEB4C0324FA03F404F05E
:109C50000704B4F1040C06D20EEB840CBDE81040EE
:109C60004CF0010C6047DFE80CF0070802024FF0EF
:109C70000040A0F5800010BD0846420018BFD2F198
:109C8000807288BF00F0004010BDFF2141EAD05033
:109C9000C005704790EA010F48BF81F000413FF5D1
:109CA000D6AD421A04D882F00042A0EB0200114463
:109CB0004FEAD0524FF07F4C1CEA410FA2EBD15338
:109CC00018BF9CEA026F4AD04FF0004C4CEA0020CB
:109CD0004CEA012121FA03FCB0EB0C0C0FD412F07A
:109CE000FE0F36D05FEA4C001DD5001240EBC2508B
:109CF00038BF70471CF03F0F18BF70470BE0A2F150
:109D000001025FEA1C2040EBC25038BF70471CF0D4
:109D10007F0F18BF7047C3F12003994014BF401E46
:109D200020F00100704780084FEA122308BF7047F7
:109D3000B0FA80FCA2EB0C02CCF1280C60FA0CF01B
:109D400093EA122F04BF00EBC25070474FEAC37072
:109D50007047130A5FEADC1008BF7047F6E79CEA19
:109D6000026F04D010EA5C0F08BF0020704710B5E6
:109D7000FFF745FF40DFF63E81F000407047F6F701
:109D8000F4BE0CF00F03092B08BF082000F07F8001
:109D90000A2B0BD0082B18BF704708BF1CF0400FD0
:109DA0000AD04FF000004FF0000170471CF0400F48
:109DB00018BF4FF0004070471CF0100F08D020F083
:109DC000704300F07F4242EAD3014FEA437070478C
:109DD00000F0604021F07F4242EA000201F07F4043
:109DE00040EA727070474FF0FF0C4CF4E06C1CEAD4
:109DF00011531CBF9CEA030C9445C2BFDA4201EB2D
:109E000002517047002B0DD0BCF1000F0FD0002A7B
:109E100001F00041A4BF41F0E04141F07F614FF00B
:109E20000000704701F000414FF00000704750EA19
:109E300001334FF09B0C18BF4CF0806C7EF4A8AF40
:109E400070474FF0FF0212EAD0521CBF92F0FF039E
:109E50008B42C2BFD14200EBC1507047002A0AD0EA
:109E6000002B0BD0002900F00040A4BF40F0FE40C2
:109E700040F40000704700F00040704743024FF08C
:109E80000B0C18BF4CF0806C7FF43CAD70471CF499
:109E9000801F11D01CF4E02F03D06FEACC314900B1
:109EA00070474FF04050EFF3008222F0704242EAD8
:109EB000000282F3008870474FF0000070470102F3
:109EC00002030405060708090A0B0C0D0E0F1010FB
:109ED000010202030405060708090A0B0C0D0E0F08
:109EE000101000000000000000000102030406073B
:109EF0000809000000000102030400000000000047
:109F00000000002F000000000700070000147F146D
:109F10007F1400242A7F2A1200626408132300366B
:109F20004955225000000503000000001C2241009A
:109F3000000041221C000014083E08140008083EDE
:109F40000808000000A060000008080808080000D9
:109F500060600000002010080402003E5149453EA8
:109F60000000427F400000426151494600214145C6
:109F70004B31001814127F10002745454539003C2D
:109F80004A494930000171090503003649494936FB
:109F900000064949291E00003636000000005636EA
:109FA00000000008142241000014141414140000CE
:109FB0004122140800020151090600324959513E5C
:109FC000007C1211127C007F49494936003E414114
:109FD0004122007F4141221C007F49494941007FC5
:109FE00009090901003E4149497A007F0808087FB4
:109FF0000000417F4100002040413F01007F0814E4
:10A000002241007F40404040007F020C027F007FE1
:10A010000408107F003E4141413E007F09090906C6
:10A02000003E4151215E007F0919294600464949F9
:10A0300049310001017F0101003F4040403F001FC6
:10A040002040201F003F4038403F00631408146345
:10A0500000070870080700615149454300007F412F
:10A06000410000552A552A55000041417F00000457
:10A070000201020400404040404000000102040090
:10A08000002054545478007F4844443800384444F5
:10A09000442000384444487F003854545418000881
:10A0A0007E0901020018A4A4A47C007F080404789F
:10A0B0000000447D4000004080847D00007F102827
:10A0C00044000000417F4000007C04180478007CBC
:10A0D0000804047800384444443800FC242424183C
:10A0E0000018242418FC007C080404080048545478
:10A0F000542000043F444020003C4040207C001C91
:10A100002040201C003C4030403C004428102844A3
:10A11000001CA0A0A07C004464544C4414141414EB
:10A120001414000000000000000000000000000007
:10A13000FC000000000002000000000C020C020005
:10A1400000000000000090D0BCD0BC9000030003D1
:10A1500000001824FE448C000302070201001824AA
:10A16000D8B04C80000300010201C038E438E000A0
:10A1700001020201020208060000000000000000C7
:10A180000000000000F804020000000102040002C8
:10A1900004F800000004020100009060F8609000E4
:10A1A0000000010000002020FC2020000000010031
:10A1B0000000000000000000080600000000202051
:10A1C000202020000000000000000000000000002F
:10A1D0000002000000000080601C02000403000078
:10A1E0000000F8040404F800010202020100000863
:10A1F000FC00000000020302000018844424180040
:10A2000003020202020008042424D8000102020210
:10A21000010040B088FC80000000000302003C24E4
:10A220002424C400010202020100F824242CC000EE
:10A230000102020201000C04E41C040000000300FF
:10A240000000D8242424D80001020202010038446E
:10A250004444F80000030202010000001000000066
:10A2600000000200000000002000000000000600C6
:10A2700000000020508804020000000001029090BD
:10A280009090900000000000000000020488502020
:10A290000002010000001804C4241800000002009D
:10A2A0000000F804E494F80001020202020000E059
:10A2B0009CF0800002030000030204FC2424D80068
:10A2C000020302020100F80404040C00010202026D
:10A2D000010004FC0404F80002030202010004FC73
:10A2E00024740C0002030202030004FC24740C001A
:10A2F000020302000000F0080444CC400001020206
:10A30000010004FC2020FC040203000003020404FA
:10A31000FC040400020203020200000404FC040422
:10A3200006040403000004FC24D00C040203020011
:10A33000030204FC04000000020302020203FC3CCE
:10A34000C03CFC0003000300030004FC30C4FC0418
:10A35000020302000300F8040404F80001020202F0
:10A36000010004FC24241800020302000000F88409
:10A370008404F80001020207050004FC246498002C
:10A38000020302000302182424448C000302020288
:10A3900001000C04FC040C0000020302000004FC99
:10A3A0000000FC04000102020100047C80E01C04A7
:10A3B0000000030000001CE03CE01C000003000360
:10A3C0000000049C609C0400020300030200041CC3
:10A3D000E01C04000002030200000C84641C040062
:10A3E0000203020203000000FE0202000000070454
:10A3F0000400000E30C00000000000010200000256
:10A4000002FE000000040407000000040204000033
:10A41000000000000000000000000000080808081C
:10A4200008080000020000000000000000000040DA
:10A43000A0A0C00000010202030204FC2020C00012
:10A4400000030202010000C020206000000102029F
:10A45000020000C02024FC0000010202030200C030
:10A46000A0A0C0000001020202000020F824240481
:10A470000002030202000040A0A0602000070A0AB8
:10A480000A0404FC2020C000020302000302002092
:10A49000E4000000000203020000000020E40000CD
:10A4A00008080807000004FC80E0202002030200E6
:10A4B00003020404FC000000020203020200E02088
:10A4C000E020C00003000300030020E02020C000C3
:10A4D00002030200030200C02020C00000010202AB
:10A4E000010020E02020C000080F0A02010000C087
:10A4F0002020E0000001020A0F0820E04020200098
:10A500000203020000000060A0A02000000202027E
:10A5100003000020F820000000000102020020E0FB
:10A520000020E00000010202030220E02080602001
:10A530000000030100006080E08060000003000371
:10A54000000020608060200002030003020020E081
:10A55000208060200808070100000020A060200083
:10A56000000203020200000020DE020000000007DB
:10A570000400000000FF00000000000F00000002C7
:10A58000DE200000000407000000020102040402B3
:10A5900000000000000000000000000000000000BB
:10A5A000000000000000000000F8000000000000B3
:10A5B00000333000000000100C06100C06000000F4
:10A5C00000000000000040C07840C0784000043F18
:10A5D00004043F040400007088FC083000000018E8
:10A5E00020FF211E0000F008F000E018000000210C
:10A5F0001C031E211E0000F00888700000001E21B0
:10A6000023241927211010160E000000000000005E
:10A61000000000000000000000E01804020000003C
:10A6200000071820400000020418E000000000406D
:10A63000201807000000404080F0804040000202E7
:10A64000010F01020200000000F000000000010103
:10A65000011F01010100000000000000000080B0A7
:10A660007000000000000000000000000000000179
:10A6700001010101010100000000000000000030A4
:10A68000300000000000000000008060180400603E
:10A6900018060100000000E010080810E000000F9C
:10A6A000102020100F00001010F800000000002003
:10A6B000203F20200000007008080888700000304B
:10A6C00028242221300000300888884830000018F3
:10A6D000202020110E000000C02010F8000000070C
:10A6E0000424243F240000F8088888080800001982
:10A6F000212020110E0000E0108888180000000FB3
:10A70000112020110E0000380808C8380800000089
:10A71000003F000000000070880808887000001CDE
:10A72000222121221C0000E010080810E000000097
:10A73000312222110F00000000C0C0000000000004
:10A740000030300000000000008000000000000029
:10A750008060000000000000804020100800000120
:10A7600002040810200040404040404040000404E3
:10A7700004040404040000081020408000000020AD
:10A78000100804020100007048080808F0000000EA
:10A79000003036010000C030C828E810E00007187B
:10A7A000272423140B000000C038E0000000203CE8
:10A7B00023020227382008F8888888700000203F8C
:10A7C000202020110E00C0300808080838000718A3
:10A7D00020202010080008F808080810E000203F9A
:10A7E000202020100F0008F88888E8081000203F7B
:10A7F00020202320180008F88888E8081000203F4F
:10A80000200003000000C0300808083800000718C6
:10A810002020221E020008F808000008F808203F47
:10A82000210101213F20000808F80808000000204D
:10A83000203F2020000000000808F8080800C08021
:10A8400080807F00000008F888C028180800203F9A
:10A8500020012638200008F8080000000000203FF2
:10A8600020202020300008F8F800F8F80800203FE9
:10A87000003F003F200008F830C00008F808203FE3
:10A88000200007183F00E01008080810E0000F1033
:10A89000202020100F0008F808080808F000203FCA
:10A8A000210101010000E01008080810E0000F1865
:10A8B000242438504F0008F8888888887000203F8A
:10A8C0002000030C30200070880808083800003889
:10A8D000202121221C00180808F808081800000090
:10A8E000203F2000000008F808000008F808001FBA
:10A8F000202020201F000878880000C838080000A9
:10A9000007380E010000F80800F80008F800033CC2
:10A910000700073C0300081868808068180820308A
:10A920002C03032C30200838C800C8380800000069
:10A93000203F2000000010080808C8380800203810
:10A94000262120201800000000FE02020200000064
:10A95000007F40404000000C30C0000000000000BC
:10A9600000010638C00000020202FE0000000040A4
:10A9700040407F00000000000402020204000000CA
:10A9800000000000000000000000000000008080C7
:10A9900080808080808000020204000000000000AF
:10A9A000000000000000000080808080000000198E
:10A9B000242222223F2008F8008080000000003F6F
:10A9C000112020110E000000008080800000000E89
:10A9D000112020201100000000808088F800000E67
:10A9E000112020103F200000808080800000001F88
:10A9F000222222221300008080F0888888180020FC
:10AA0000203F202000000000808080808000006BBC
:10AA100094949493600008F8008080800000203FA8
:10AA2000210000203F2000809898000000000020B6
:10AA3000203F20200000000000809898000000C007
:10AA40008080807F000008F8000080808000203F28
:10AA500024022D302000000808F80000000000202B
:10AA6000203F202000008080808080808000203F68
:10AA700020003F20003F8080008080800000203F39
:10AA8000210000203F200000808080800000001F07
:10AA9000202020201F00808000808000000080FF98
:10AAA000A12020110E000000008080808000000E98
:10AAB000112020A0FF8080808000808080002020E6
:10AAC0003F21200001000000808080808000003352
:10AAD000242424241900008080E0808000000000ED
:10AAE000001F202000008080000000808000001FE8
:10AAF000202020103F208080800000808080000186
:10AB00000E300806010080800080008080800F30B9
:10AB10000C030C300F00008080008080800000203B
:10AB2000312E0E3120008080800000808080808166
:10AB30008E701806010000808080808080000021D7
:10AB4000302C2221300000000000807C0202000036
:10AB50000000003F404000000000FF000000000037
:10AB60000000FF0000000002027C800000000040A6
:10AB7000403F000000000006010102020404000042
:10AB800000000000000000000000000000000000C5
:10AB900000000000000000000000000000000000B5
:10ABA000000000000000000000000000000000F0B5
:10ABB000F0F0000000000000000000017F01000034
:10ABC000000000000000001C1C1C00000000000031
:10ABD0008060301C8C60301C0C0000000000000005
:10ABE0000000000000000000000000000000000065
:10ABF0000000000000E00000000000E0000000860F
:10AC0000E69F86868686E69F860000011F01010179
:10AC100001011F010100000080C06020F820E0C099
:10AC20000000000003070C18FF70E1810000000025
:10AC3000070F10107F100F07000080602060800059
:10AC40000000E02000000F3020309F70DC37103013
:10AC5000C0000000100E03000718101807000000C5
:10AC6000C02020E0C0000000000080E01F38E8871E
:10AC700003C43C040000070F1810100B070D101040
:10AC8000080000808C4C380000000000000000002C
:10AC900000000000000000000000000000000000B4
:10ACA00000000000000000000000000080E030080C
:10ACB00004000000000000FEFF0100000000000092
:10ACC00000000000030F1820400000040830E0805E
:10ACD0000000000000000000000001FFFE00000076
:10ACE0000000004020180F030000000000000000DA
:10ACF00000000000C00000000000004266663C1832
:10AD0000FF183C66664200000000000003000000DF
:10AD100000000000000000008000000000000010A3
:10AD200010101010FF101010101000000000000094
:10AD30000300000000000000000000000000000010
:10AD40000000000000000000000000000000008083
:10AD50008C4C3800000000000000000000000000E3
:10AD60000000000000000010101010101010101053
:10AD700010000000000000000000000000000000C3
:10AD800000000000000000000000000000000000C3
:10AD900000000000000000001C1C1C00000000005F
:10ADA00000000000000000000000E0380C0000007F
:10ADB000000080701C03000000000060380E0100DD
:10ADC000000000000000000080C060202060C08003
:10ADD000000000FEFF010000000001FFFE00000176
:10ADE000070E181010180E0701000000808080C0A8
:10ADF000E000000000000000000000FFFF00000075
:10AE0000000000001010101F1F1010100000008024
:10AE1000402020202060C08000000003030080400C
:10AE200020381F070000001C1A1918181818181FBE
:10AE300000000080C020202060C0800000000003CF
:10AE400003001010182FE780000000070F101010EB
:10AE500010180F070000000000000000C0E0F00024
:10AE6000000000C0B088868180FFFF808000000065
:10AE700000000010101F1F1010000000E060606054
:10AE800060606060000000003F1008080818F0E0F3
:10AE9000000000070B101010101C0F030000000032
:10AEA00080C040202020E0C0000000FCFF211008EE
:10AEB000080818F0E0000001070C18101010080F27
:10AEC00003000000C0E06060606060E060000000BF
:10AED00003000000E0180700000000000000001F51
:10AEE0001F00000000000080C0602020202060C003
:10AEF00080000087EF2C1818303068CF83000007DF
:10AF00000F0810101010180F07000000C0C02020FC
:10AF10002020C0800000001F3F604040402010FF04
:10AF2000FE0000000C1C101010080F0300000000B1
:10AF30000000000000000000000000000000000E03
:10AF40000E0E0000000000000000001C1C1C000091
:10AF500000000000000000000000000000000000F1
:10AF60000000000C0C000000000000000000005871
:10AF700038000000000000000000000000804020B9
:10AF800010000000102844820100000000000000B2
:10AF90000000000001020408100000000000000092
:10AFA00000000000000000848484848484848484FD
:10AFB000840000000000000000000000000000000D
:10AFC0001020408000000000000000000000000091
:10AFD0000182442810000000100804020100000053
:10AFE000000000C020201010101030E0C00000034E
:10AFF000030000F010080C070300000000001C1CF8
:10B000001C0000000000000000C040602020204024
:10B01000C00000FCFF01F00E03C1FE03807F0001B1
:10B02000070E08111110110904020000000080E051
:10B03000E000000000000000807C4340477FF88073
:10B04000000010181F1000000000131F1C1020E04B
:10B05000E02020202060C080000000FFFF101010C2
:10B0600010182FE78000101F1F1010101010180F5D
:10B070000700000080C0402020202060E00000FC8D
:10B08000FF0100000000000001000001070E181081
:10B0900010100804030020E0E02020202040C080A1
:10B0A000000000FFFF000000000001FFFE00101F75
:10B0B0001F10101018080E07010020E0E0202020CB
:10B0C00020202060800000FFFF101010107C000086
:10B0D0000000101F1F10101010101018060020E0A4
:10B0E000E020202020206060800000FFFF10101072
:10B0F000107C00000100101F1F1000000000000065
:10B100000000000080C06020202040E0000000FC23
:10B11000FF0100004040C0C140400001070E181070
:10B1200010100F0F000020E0E0200000000020E0E1
:10B13000E02000FFFF101010101010FFFF00101F84
:10B140001F1000000000101F1F100000202020E032
:10B15000E020202000000000000000FFFF000000B1
:10B16000000000001010101F1F1010100000000041
:10B170000000202020E0E02020200000000000004F
:10B1800000FFFF0000000060E0808080C07F3F0083
:10B19000000020E0E020000020A06020200000FF50
:10B1A000FF30187CE3C000000000101F1F100000DB
:10B1B00001131F1C181020E0E02000000000000018
:10B1C000000000FFFF000000000000000000101F52
:10B1D0001F10101010101018060020E0E0E0000012
:10B1E0000000E0E0E02000FF013FFEC0E01E01FFA4
:10B1F000FF00101F1000031F0300101F1F1020E08E
:10B20000E0C0000000000020E02000FF0003071C59
:10B2100078E08000FF00101F100000000000030F06
:10B220001F00000080C060202060C080000000FE81
:10B23000FF010000000000FFFE000001070E1810D3
:10B2400010180C07010020E0E0202020202060C022
:10B25000800000FFFF2020202020301F0F00101F43
:10B260001F100000000000000000000080C06020EF
:10B270002060C080000000FEFF010000000000FF11
:10B28000FE000001070E1111133C7C67210020E035
:10B29000E0202020202060C0800000FFFF10103040
:10B2A000F0D0080F0700101F1F10000000030F1C34
:10B2B00010100080C060202020204040E0000007E7
:10B2C0000F0C1818303060E08100001F0C081010BF
:10B2D0001010180F07008060202020E0E0202020C0
:10B2E00060800100000000FFFF000000000100007E
:10B2F0000000101F1F100000000020E0E0200000F0
:10B3000000000020E02000FFFF000000000000001F
:10B31000FF0000070F181010101010080700206021
:10B32000E0E02000000020E060200000077FF880BF
:10B3300000807C03000000000000071F1C070000C5
:10B34000000020E0E02000E0E0200020E0200007F6
:10B35000FFF8E01FFFFCE01F00000000031F0300D8
:10B36000011F03000000002060E0A0000020E0605A
:10B370002000000000038F7CF8C6010000000010D0
:10B38000181E130001171F1810002060E0E02000B5
:10B39000000020E06020000001073EF8E0180700F0
:10B3A000000000000010101F1F101000000000809F
:10B3B0006020202020A0E0E0200000000000C0F07D
:10B3C0003E0F0300000000101C1F17101010101873
:10B3D00006000000000000FC040404040400000057
:10B3E000000000FF00000000000000000000007FDF
:10B3F000404040404000000010E00000000000001D
:10B40000000000000000031C60800000000000003D
:10B410000000000000030C7080000000040404041D
:10B4200004FC0000000000000000000000FF00001D
:10B430000000000040404040407F0000000000004D
:10B440000010080C040C08100000000000000000B0
:10B4500000000000000000000000000000000000EC
:10B4600000000000000000000000000000000000DC
:10B4700000000000000000000000808080808080CC
:10B4800080808080808000000004040808000000A4
:10B4900000000000000000000000000000000000AC
:10B4A000000000000000000000000000000000009C
:10B4B000000000000000000098D844642424FCF838
:10B4C0000000000F1F18101010081F1F1018002078
:10B4D000E0F000000000000000000000FFFF18087E
:10B4E00004040CF8F00000001F0F18101010180FC3
:10B4F000030000000000000000000000000000E069
:10B50000F8180404043C3800000000030F0C10106D
:10B510001010080600000000000000000020E0F00D
:10B52000000000E0F81C04040408FFFF0000000312
:10B530000F18101010081F0F080000000000000076
:10B540000000000000000000E0F8484444444C784B
:10B5500070000000030F0C18101010080400000009
:10B56000000080C0602020E0C00000040404FFFF51
:10B57000040404040000000010101F1F101010002D
:10B5800000000000000000000000000000000000BB
:10B5900070F88C04048CF874040C007076CF8D8DD8
:10B5A0008D89C87870000020E0F0000000000000E5
:10B5B00000000000FFFF08040404FCF80000001075
:10B5C0001F1F100000101F1F10000000000000606F
:10B5D0006000000000000000040404FCFC00000007
:10B5E000000000001010101F1F10101000000000BD
:10B5F0000000000000606000000000000000040483
:10B6000004FCFC0000000000C0C08080C07F3F0040
:10B6100000000020E0F0000000000000000000003A
:10B62000FFFF80C0F41C0404000000101F1F110065
:10B63000031F1C1010000000202020E0F00000007C
:10B6400000000000000000FFFF00000000000000FC
:10B650001010101F1F10101000000000000000004C
:10B6600000000000000004FCFC0804FCFC0804FCD2
:10B67000FC00101F1F10001F1F10001F1F100000D4
:10B68000000000000000000000000004FCFC0808AE
:10B690000404FCF8000000101F1F100000101F1F02
:10B6A000100000000000000000000000000000E0AA
:10B6B000F0180C04040C18F0E00000030F0C10103C
:10B6C00010100C0F0300000000000000000000003C
:10B6D00000000004FCFC080404040CF8F0000080E6
:10B6E000FFFF889010101C0F0300000000000000F6
:10B6F00000000000000000E0F81C04040408F8FC4E
:10B70000000000030F1810109088FFFF8000000059
:10B7100000000000000000000000040404FCFC1015
:10B720000804040C0C001010101F1F101010000053
:10B730000000000000000000000000000000000009
:10B740003078CCC48484840C1C0000001E181010B7
:10B750001011190F06000000000000C000000000DA
:10B76000000000040404FFFF0404040000000000C3
:10B7700000000F1F1010100C00000000000000005F
:10B780000000000000000004FCFE00000004FCFEBD
:10B79000000000000F1F181010081F0F0800000005
:10B7A0000000000000000000000000040C3CFCC48D
:10B7B0000000C43C0C0400000000010F1E0E01003C
:10B7C0000000000000000000000000000000043C39
:10B7D000FCC400E47CFC84807C040000071F07009C
:10B7E00000071F070000000000000000000000002C
:10B7F00000000004041C7CE4C0341C04040000109D
:10B80000101C1601131F1C1810000000000000007F
:10B8100000000000000000040C3CFCC400C43C0418
:10B8200004000000C080C1370E01000000000000CD
:10B830000000000000000000000000001C0404C420
:10B84000F47C1C0400000000101C1F1711101018BD
:10B850000E0000000000000000F80C0400000000D2
:10B860000000001028EF00000000000000000000B1
:10B87000003F60400000000000000000FF000000EA
:10B880000000000000000000FF00000000000000B9
:10B8900000000000FF00000000000000040CF800A1
:10B8A00000000000000000000000EF281000000071
:10B8B0000000000040603F00000000000000001891
:10B8C00006020204081020203008000000000000DA
:10B8D0000000000000000000000000000000000068
:10B8E000000000080808080809FA080808080808FD
:10B8F0000000404041414141417F4141414141407F
:10B900004000040444C44F4444C424242FB42404F9
:10B91000040040442424150C04FE040C1524244483
:10B9200040000000F8494A4C48F8484C4A49F800A1
:10B93000000010101312121212FF12121212131022
:10B940001000008060F807404848E85F48484840D9
:10B950004000010000FF0000020B1222D20A060084
:10B9600000000000FC04D4545454D4047F84C53631
:10B9700004008866010063828292AB8482C1022443
:10B98000CF0080809E9292929EE0809EB2D2929E44
:10B9900080000808F4949292F10001F2929494F8D5
:10B9A000080090523410FF10345280708F0808F84D
:10B9B0000800829A566322528E008040330C334036
:10B9C00080001010FF109000FE929292F292929ED0
:10B9D000800042827F0180601F00FC44474444FC99
:10B9E000000000F80122A0A2A222FE22AA3202FE3A
:10B9F000000000FF0010130A4B20170C133880FFC3
:10BA00000000008060F80704E4A4A4BFA4A4E40438
:10BA10000000010000FF40407F4A4A4A4A4A7F40F6
:10BA20004000404042CC0040A09E8282829EA020E6
:10BA300020000000003F908840432C1028464180A1
:10BA40008000001715D55557557D555755D51517F5
:10BA500000004040407F555555555555557F404055
:10BA60004000404042CC0040A09E8282829EA020A6
:10BA700020000000003F908840432C102846418061
:10BA80008000809090484C57242424544C4480805B
:10BA90008000000000FF4949497F494949FF0000F3
:10BAA000000000083000FF20202020FF2020222C52
:10BAB000200004040201FF8040300E0106182040DF
:10BAC0008000000484844424548F14244484840417
:10BAD0000000413900003C4040424C4040700409A5
:10BAE00031001060028C0000FE9292929292FE0051
:10BAF000000004047E01407E42427E427E42427E3D
:10BB000040001060028C00FE929292929292FE008F
:10BB1000000004047E014448507F40407F50484468
:10BB200040000000FC242424FC252624FC2424249A
:10BB3000040040308F80844C55252525554C80804D
:10BB4000800000000808080808080808080808001D
:10BB50000000101010101010101010101010101005
:10BB600010000824236AAA2AAA6A2A2A2AEA0202B8
:10BB700000001011151515FF15151511100F304087
:10BB8000F800008060F807000000FF402010080463
:10BB90000000010000FF000402013F40404040401F
:10BBA000780004E45C44C400809EF0909F90909ED6
:10BBB0008000013F10107F201806914C300F304854
:10BBC00084004040424458C0407F40C050484640F6
:10BBD00040008080402018070000003F4040404067
:10BBE000780000FE424242FE0042A29E82A2C2BEF5
:10BBF0000000806F080828CF00002FC8080828CF51
:10BC0000000002E222223E00809E9292F292929ED8
:10BC10008000004382423E40474444447F444454B1
:10BC2000E7000000FC242424FC252624FC242424F2
:10BC3000040040308F80844C55252525554C80804C
:10BC4000800000F80122A0A2A222FE22AA3202FE57
:10BC5000000000FF0010130A4B20170C133880FF60
:10BC60000000008060F80704E4A4A4BFA4A4E404D6
:10BC70000000010000FF40407F4A4A4A4A4A7F4094
:10BC80004000404042CC0040A09E8282829EA02084
:10BC900020000000003F908840432C10284641803F
:10BCA0008000001715D55557557D555755D5151793
:10BCB00000004040407F555555555555557F4040F3
:10BCC0004000404042CC0040A09E8282829EA02044
:10BCD00020000000003F908840432C1028464180FF
:10BCE0008000809090484C57242424544C448080F9
:10BCF0008000000000FF4949497F494949FF000091
:10BD0000000000083000FF20202020FF2020222CEF
:10BD1000200004040201FF8040300E01061820407C
:10BD20008000000484844424548F142444848404B4
:10BD30000000413900003C4040424C404070040942
:10BD4000310000004040404040FF40404040400043
:10BD50000000404040404040407F40404040404024
:10BD600040001010FF100082BAEABA83BAEABA8221
:10BD7000000008180F04484A2AFF8A4A1A2F5A8AD4
:10BD800088001060028C00FE929292929292FE00C5
:10BD9000000004047E014448507F40407F504844E6
:10BDA00040000000FC242424FC252624FC24242418
:10BDB000040040308F80844C55252525554C8080CB
:10BDC000800080828282FE8282828282FE828282E1
:10BDD0008000008040300F0000000000FF000000E5
:10BDE000000000001011161010F0101014131000B5
:10BDF00000008181414121110D030D11214141813B
:10BE0000810000F808FF08F880904C57A4544C8437
:10BE100080002063211F113910101515FF15151012
:10BE2000100000FC0404FC0000FC0416650484FC03
:10BE30000000000F04040F0010131212125292425D
:10BE40003E0080809E9292929EE0809EB2D2929E10
:10BE500080000808F4949292F10001F2929494F810
:10BE600008000000FE021222C202C23202FE0000DE
:10BE7000000080601F0020100C030C30000F3040C9
:10BE8000F8000000FC242424252624242424243C17
:10BE9000000040300F211549817F00211549817F25
:10BEA000000000202020A06000FF608040201800DB
:10BEB0000000201008060140807F000102040810E5
:10BEC0001000100C055555D5057F05555555051421
:10BED0000C001010108AA96B352525ABE90810104D
:10BEE000100042422212FA969292929292F202022A
:10BEF0000200404424140C44807F0408102824428B
:10BF00004000000000C080808080808080FC8480B1
:10BF10008080808080C0C0000000000000FF7F4063
:10BF20004040404040FF40404040404040FF7F0094
:10BF3000000000000000000000000000007F700012
:10BF400000000000000000000000000000000000F1
:10BF5000000000000000000000FCF80000000000ED
:10BF60000000000000000000000000000000FFFED4
:10BF7000020202020202020202FFFF0202020202A7
:10BF800002020202FF0300000000000000001F1F69
:10BF9000040404040404040404FFFF04040404046B
:10BFA000040404041F000000000000000000000062
:10BFB0000000000000000000007F3F0000000000C3
:10BFC0000000000000000000000000000000000071
:10BFD0000000000000000000000000000000000061
:10BFE00000000000000000F8F8F0F07020000000F1
:10BFF0000000000000000000000000000000000041
:10C000000000000000000000000000000000000030
:10C0100000008000000000000000000000000000A0
:10C0200000000000000000FFFFFFFF000000000014
:10C030000000000000000000000000000000808000
:10C0400000000000000000000000000000000000F0
:10C05000000000FFFFFE06060606060606060606A8
:10C0600006060606060606FFFFFFFF06060606068C
:10C0700006060606060606060606060606FFFFFF75
:10C08000FF070200000000000000000000000000A8
:10C09000000000FFFFFF00000000000000000000A3
:10C0A00000000000000000FFFFFFFF000000000094
:10C0B00000000000000000000000000000FFFFFF83
:10C0C000FF00000000000000000000000000000071
:10C0D000000000FFFFFF1818181818181818181873
:10C0E00018181818181818FFFFFFFF181818181834
:10C0F00018181818181818181818181818FFFFFF0B
:10C10000FF00000000000000000000000000000030
:10C11000000002010100000000000000000000001B
:10C1200000000000000000FFFFFFFF000000000013
:10C1300000000000000000000000000000010100FD
:10C1400000000000000000000000000000000000EF
:10C1500000000000000000000000000000000000DF
:10C1600000000000000000FFFFFFFF0000000000D3
:10C1700000000000000000000000000000000000BF
:10C1800000000000000000000000000000000000AF
:10C19000000000000000000000000000000000009F
:10C1A000000000000000001F1F0F0F000000000033
:10C1B000000000000000000000000000000000007F
:10C1C000000000000000000000000000C0E0F0F8E7
:10C1D000FC4142434445464748494A4B4C4D4E4F2B
:10C1E000505152535455565758595A6162636465B9
:10C1F000666768696A6B6C6D6E6F70717273747567
:10C20000767778797A303132333435363738392B9E
:10C210002F7F7F7F7F7F7F7F7F7F7F7F7F7F7F7F7E
:10C220007F7F7F7F7F7F7F7F7F7F7F7F7F7F7F7F1E
:10C230007F7F7F7F7F7F7F7F7F7F7F7F3E7F7F7F4F
:10C240003F3435363738393A3B3C3D7F7F7F407F3E
:10C250007F7F000102030405060708090A0B0C0D85
:10C260000E0F101112131415161718197F7F7F7FE8
:10C270007F7F1A1B1C1D1E1F2021222324252627F9
:10C2800028292A2B2C2D2E2F303132337F7F7F7F90
:10C290007F04000008000000000000000200010010
:10C2A0000010000000000000000000000000F03F4F
:10C2B000000000000000F83F000000000000000047
:10C2C0000000004003B8E23F000000000000000052
:10C2D00006D0CF43EBFD4C3E033333333333E33FE0
:10C2E000FFAB6FDBB66DDB3F4D268F515555D53F0C
:10C2F00001411DA96074D13F65DBC9934A86CD3FDA
:10C30000EF4E454A287ECA3F3E5555555555C53FC7
:10C3100093BDBE166CC166BF2CDE25AF6A56113FB9
:10C32000F16BD2C541BDBBBED0A4BE726937663EBB
:10C33000000000000000000002400000000000A01B
:10C340000000000005400000000000C800000000E0
:10C350000C4000000000409C00000000194000005C
:10C360000020BCBE0000000034400000BFC91B8E8E
:10C3700000000004B5400000504BCFD06607E2CF6C
:10C38000010000006C4100003E8251AADFEEA7349C
:10C3900001000000D9420000DCB5A0E23A301F974E
:10C3A000FFFFFFFFB4450000FD25A0C8E9A3C14F72
:10C3B000FFFFFFFFFF3F00000000008000000000C3
:10C3C000FF3F0000000000800000000076657273EF
:10C3D000696F6E3D2573267265733D70726F64756B
:10C3E00063747325253246257325253246646576A8
:10C3F000696365732525324625732665743D25647A
:10C40000266D6574686F643D2573267369676E3D9C
:10C410002573000060C500080000002080000000B7
:10C4200028010008E0C5000880000020401200003C
:10C43000440100081001000043000000F8FFFFFF66
:10C440000040404040404040404041414141414027
:10C4500040404040404040404040404040404040DC
:10C46000400502020202020202020202020202026B
:10C470000220202020202020202020020202020270
:10C4800002029090909090901010101010101010C8
:10C4900010101010101010101010101002020202D4
:10C4A0000202888888888888080808080808080818
:10C4B0000808080808080808080808080202020214
:10C4C000400000000000000000000000000000002C
:10C4D000000000000000000000000000000000005C
:10C4E000000000000000000000000000000000004C
:10C4F000000000000000000000000000000000003C
:10C50000000000000000000000000000000000002B
:10C51000000000000000000000000000000000001B
:10C52000000000000000000000000000000000000B
:10C5300000000000000000000000000000000000FB
:10C54000000000001C00000043000000F8FFFFFF97
:10C550000C0000000E0000000F0000002E00000084
:10C5600000000000000000190500000000000000AD
:10C5700000000000000000000000000000000000BB
:10C5800000002300E8032003C800B00400000000FE
:10C59000000000000000000000000000000000009B
:10C5A000000000000000000000000000000000008B
:10C5B00001000000100000000000000000127A00DE
:10C5C000000000000000000000000000000000006B
:10C5D000010200085F0200080000000000000000E7
:04000005080000ED02
:00000001FF
